text,sentiment,polarity,subjectivity,Preprocess
Ese incómodo momento cuando te das cuenta que valiste vergatl # GoT # GoTS8 # Bran # Stark # BranStark # Theon # Greyjoy # TheonGreyjoy # FelizJueves # JuegoDeTronos # BattleOfWinterfell # GameofThrones # Muerte # HechoEn # méxico # cdmx # mx # códice # azteca # SituacionesIncomodasEnLaVidapic.twitter.com/tEnpMEwBWc,Neg,-0.2,0.6,ese incómodo momento cuando te da cuenta que valiste vergatl got gots8 bran stark branstark theon greyjoy theongreyjoy felizjueves juegodetronos battleofwinterfell gameofthrones muerte hechoen méxico cdmx mx códice azteca situacionesincomodasenlavidapic twitter com tenpmewbwc
"Quote from @ OzzyManReviews Wikipedia puts up a Stronger fight to stay alive than the Three-Eyed Raven!"" HA!! Feckin Hillarious!!!! # GameofThrones # threeeyedraven # BranStark # Thrones # GOT # GoTS8 # GOTS8E3pic.twitter.com/2aTZ8rkQ8O""",Pos,0.476837158203125,0.4,quote from ozzymanreviews wikipedia put up stronger fight to stay alive than the three eyed raven ha feckin hillarious gameofthrones threeeyedraven branstark throne got gots8 gots8e3pic twitter com 2atz8rkq8o
# Repost gameofthrones.brasil ・・・ Pracarys! # gameofthrones # gameofthronesbrasil # GoT2019 # gotseason8 # gotbrasil # got # gots8 # hbo # domingot # domingo # abril #2019 # arya # aryastark # branstark # bran… https://www.instagram.com/p/Bw91OPvjbEo/?igshid=1vvopozc97x7i …,Neu,0.0,0.0,repost gameofthrones brasil pracarys gameofthrones gameofthronesbrasil got2019 gotseason8 gotbrasil got gots8 hbo domingot domingo abril 2019 arya aryastark branstark bran http www instagram com bw91opvjbeo igshid 1vvopozc97x7i
If u saw this just know i wrote it just to see the faces lol ! # GameofThrones # GoTS8 # GOT # JonSnow # SansaStark # AryaStark # BranStark # Daenerys # ForTheThrone,Pos,1.0,0.7,if saw this just know wrote it just to see the face lol gameofthrones gots8 got jonsnow sansastark aryastark branstark daenerys forthethrone
# GOTS8 # GameofThrones # GOT # xmen # XMenDarkPhoenix # professorx # branstark # cyclops # jonsnow # jeangrey # wolverine # AryaStark # quicksilverpic.twitter.com/4Y8ykboYLx,Neu,0.0,0.0,gots8 gameofthrones got xmen xmendarkphoenix professorx branstark cyclops jonsnow jeangrey wolverine aryastark quicksilverpic twitter com 4y8ykboylx
Imagens promocionais do episódio 8x04 de Game Of Thrones. Hora de queimar os mortos. Team Targaryen,Neg,-0.4,0.4,imagens promocionais do episódio 8x04 de game of throne hora de queimar o mortos team targaryen
Credit:Ireland Simpsons Fans group # got # gameofthrones # GoTS8 # GotS8E3 # BranStark # simpsonmemespic.twitter.com/CEbML0VsAR,Neu,0.0,0.0,credit ireland simpson fan group got gameofthrones gots8 gots8e3 branstark simpsonmemespic twitter com cebml0vsar
La derrota del rey de la noche es una recreación de su conversión. Es la misma escena: Una niña que le clava una daga en el pecho junto a un arciano. Qué poéticos ;) # gameofthrones # branstark # aryastark # got # GoTS8 # estoaunnoseacaba,Pos,0.25,1.0,la derrota del rey de la noche e una recreación de su conversión e la misma escena una niña que le clava una daga en el pecho junto un arciano qué poéticos gameofthrones branstark aryastark got gots8 estoaunnoseacaba
Is anyone else upset that we never saw the # NightKing actually fight?! The wights,Neu,0.0,0.1,is anyone else upset that we never saw the nightking actually fight the wight
# GameofThrones # GOT # GOTS8 # SansaStark # BranStark # AryaStark # TheonGreyjoy # AegonTargaryen # DaenerysTargaryen # JaimeLannister # CerseiLannister # TyrionLannister # SandorClegane # SamwellTarly # Brienne # JorahMormont # Melisandre # Varys # Missandei # GreyWorm # DavosSeaworth # EuronGreyjoy,Neu,0.0,0.0,gameofthrones got gots8 sansastark branstark aryastark theongreyjoy aegontargaryen daenerystargaryen jaimelannister cerseilannister tyrionlannister sandorclegane samwelltarly brienne jorahmormont melisandre varys missandei greyworm davosseaworth eurongreyjoy
what's gonna happen to the Azor Ahai prophecy now?! i cant predict it but at least 19:31 in this vid came true! http://bit.ly/2G3nKhP # gameofthrones # gots8 # got # forthethrone # Daenerys # jonsnow # sansa # theon # tyrion # thenightking # Cersei # aryastark # branstark # crypts # arya,Pos,0.06875,0.525,what gonna happen to the azor ahai prophecy now cant predict it but at least 19 31 in this vid came true http bit ly 2g3nkhp gameofthrones gots8 got forthethrone daenerys jonsnow sansa theon tyrion thenightking cersei aryastark branstark crypt arya
Ponle un título a esta foto... (sean serios :v) Name this pic... # BranStark # TheNightKing # GameOfThrones # got # GoTS8 pic.twitter.com/7mjNMbseL3,Neu,0.0,0.0,ponle un título esta foto sean serios name this pic branstark thenightking gameofthrones got gots8 pic twitter com 7mjnmbsel3
# GameofThrones # GoTS8 # GOT # DemThrones # ThronesYall # AryaStark # NotToday # NightKing # BranStark # BattleOfWinterfellhttps://twitter.com/peoplescrtic/status/1122691423239688192 …,Neu,0.0,0.0,gameofthrones gots8 got demthrones thronesyall aryastark nottoday nightking branstark battleofwinterfellhttps twitter com peoplescrtic status 1122691423239688192
Weekend of the # Starks # TonyStark # AryaStark # BranStark # Ghost # GameofThrones # GoTS8 # GoT # AvengersEndgame # Endgame # Avengers The most I've ever done in a single weekend in my life!pic.twitter.com/dy5TNfIj0m,Pos,0.2142857142857143,0.35714285714285715,weekend of the starks tonystark aryastark branstark ghost gameofthrones gots8 got avengersendgame endgame avenger the most ve ever done in single weekend in my life pic twitter com dy5tnfij0m
Lmao # GameofThrones # GOT # GoTS8 # GOTS8E3 # BattleOfWinterfell # NotToday # BranStark # AryaStark # GOT pic.twitter.com/gOA77p817D,Pos,0.6,1.0,lmao gameofthrones got gots8 gots8e3 battleofwinterfell nottoday branstark aryastark got pic twitter com goa77p817d
Me watching my girl Arya doing what she does best last night. # GoT # GoTS8 # AryaStark # GameofThrones # NightKing # TheLongNight # BranStark # TheonGreyjoypic.twitter.com/3hHewvf1oq,Pos,0.5,0.18333333333333332,me watching my girl arya doing what she doe best last night got gots8 aryastark gameofthrones nightking thelongnight branstark theongreyjoypic twitter com 3hhewvf1oq
# GameofThrones # GoTS8 # BattleOfWinterfell # GOT # AryaStark # aegontargaryen # Daenerys # BranStark # SansaStark # Greyworm # JamieLannister # DemThroneshttps://twitter.com/desireepulmones/status/1122803285654671362 …,Neu,0.0,0.0,gameofthrones gots8 battleofwinterfell got aryastark aegontargaryen daenerys branstark sansastark greyworm jamielannister demthroneshttps twitter com desireepulmones status 1122803285654671362
# GameofThrones # GoTS8 # BattleOfWinterfell # GOT # AryaStark # aegontargaryen # Daenerys # BranStark # SansaStark # Greyworm # JamieLannister # demthroneshttps://twitter.com/She_DreadzMe/status/1122716313569329153 …,Neu,0.0,0.0,gameofthrones gots8 battleofwinterfell got aryastark aegontargaryen daenerys branstark sansastark greyworm jamielannister demthroneshttps twitter com she_dreadzme status 1122716313569329153
┃┃╱╲ Na ┃╱╱╲╲ minha ╱╱╭╮╲╲ casa ▔▏┗┛▕▔ não entra ╱▔▔▔▔▔▔▔▔▔▔╲ hater de Game of Thrones ╱╱┏┳┓╭╮┏┳┓ ╲╲ ▔▏┗┻┛┃┃┗┻┛▕▔ # GameofThrones # got # gots8 # Arya # Melisandre # BranStark # Theon # JonSnow # DaenerysTargaryen,Neg,-0.4,0.4,na minha casa não entra hater de game of throne gameofthrones got gots8 arya melisandre branstark theon jonsnow daenerystargaryen
8 seasons later still here like # BrandonStark # BranStark # MrUseless # GameofThrones # GOT # GOTS8 # FortheThrone https://www.instagram.com/p/Bw2AcFqBMMy/?utm_source=ig_twitter_share&igshid=ezk7qfmn6r7o …,Neu,0.0,0.0,8 season later still here like brandonstark branstark mruseless gameofthrones got gots8 forthethrone http www instagram com bw2acfqbmmy utm_source ig_twitter_share igshid ezk7qfmn6r7o
Best comment ever # BranStark # got # gameofthrones # gots8 pic.twitter.com/J2ztl64EuM,Pos,1.0,0.3,best comment ever branstark got gameofthrones gots8 pic twitter com j2ztl64eum
The # NightKing would have survived if he didn't go for # BranStark himself! Sorry but the episode was just pure stupid @ GameOfThrones # GameofThrones # BattleOfWinterfell # GoTs8 # GOTS8E3 # got,Neg,-0.3619047619047619,0.8333333333333334,the nightking would have survived if he didn go for branstark himself sorry but the episode wa just pure stupid gameofthrones gameofthrones battleofwinterfell gots8 gots8e3 got
Wasn't # Bran a little bit disappointing in this episode? # BranStark # GameofThrones # BattleOfWinterfell # GoTs8 # got,Neg,-0.39375,0.6,wasn bran little bit disappointing in this episode branstark gameofthrones battleofwinterfell gots8 got
When # Melisandre spoiled the 8x03 & 8x06 episodes of # GameofThrones long time a go... (3x06 - The Climb) # GOT # GoTS8 # ForTheThrone # JonSnow # AegonTargaryen # Daenerys # SansaStark # AryaStark # BranStark # CerseiLannister # NightKing # WhiteWalkerspic.twitter.com/EbxtBRLjCD,Neg,-0.05,0.4,when melisandre spoiled the 8x03 8x06 episode of gameofthrones long time go 3x06 the climb got gots8 forthethrone jonsnow aegontargaryen daenerys sansastark aryastark branstark cerseilannister nightking whitewalkerspic twitter com ebxtbrljcd
The most exciting moment that I never seen # AryaStark # Theon # TheonGreyjoy # BranStark against # NightKing # RedWitch # GamefThrones # GOT8 # Got8x03 # GoTS8 # BattleOfWinterfell # GOT # GOTS8E3 # GameofThrones # GameofThronesSeason8 # Rhaego # Drogon # Viserion # Rhaegal # GameofThrones # aryapic.twitter.com/rBXXBD5Aui,Pos,0.4,0.65,the most exciting moment that never seen aryastark theon theongreyjoy branstark against nightking redwitch gamefthrones got8 got8x03 gots8 battleofwinterfell got gots8e3 gameofthrones gameofthronesseason8 rhaego drogon viserion rhaegal gameofthrones aryapic twitter com rbxxbd5aui
# GameofThronesSeason8: The world witnessed the # BattleOfWinterfell today and the internet is drowning in feels @ GameOfThrones @ HBO # GOT # GoTS8 # GameofThrones # NotToday # GameofThronesepisode3 # Winterfellbattle # BranStark # AryaStark # NightKing # dragon https://www.peepingmoon.com/news/news/28917/Game-of-Thrones-Season-The-fans-are-losing-their-calm-after-the-battle-of-Winterfell-and-we-are-sailing-in-the-same-boat.html …,Neu,0.0,0.0,gameofthronesseason8 the world witnessed the battleofwinterfell today and the internet is drowning in feel gameofthrones hbo got gots8 gameofthrones nottoday gameofthronesepisode3 winterfellbattle branstark aryastark nightking dragon http www peepingmoon com news news 28917 game of throne season the fan are losing their calm after the battle of winterfell and we are sailing in the same boat html
Checking my job’s Bereavement Leave policies after this @ GameOfThrones episode # GameofThronesseason8episode3 # got # GoT # GOTS8E3 # thankyougot # GoT # GoTS8 # omg # gotreaction # gameofthrones # BattleForWinterfell # BranStark # starks # stark # winterfell # epic,Neg,-0.05,0.5,checking my job bereavement leave policy after this gameofthrones episode gameofthronesseason8episode3 got got gots8e3 thankyougot got gots8 omg gotreaction gameofthrones battleforwinterfell branstark starks stark winterfell epic
Night King be like # GameofThrones # GoT # BattleofWinterfel # AryaStark # GoTS8 # GameOfThrones8 # GOT # Arya # DemThrones # BranStark # BattleOfWinterfell # GameOfThrones pic.twitter.com/UPDqn8upIC,Neu,0.0,0.0,night king be like gameofthrones got battleofwinterfel aryastark gots8 gameofthrones8 got arya demthrones branstark battleofwinterfell gameofthrones pic twitter com updqn8upic
# AryaStark # BranStark # JonSnow # Daenerys # Brienne # Sansa # Jorah # Clegane # Tyrion # JaimeLannister # Melisandre # Whitewalkers # GOT # GOTS8 # GameOfThrones # Cersei # SamwellTarlypic.twitter.com/6UvP9pL0Pk,Neu,0.0,0.0,aryastark branstark jonsnow daenerys brienne sansa jorah clegane tyrion jaimelannister melisandre whitewalkers got gots8 gameofthrones cersei samwelltarlypic twitter com 6uvp9pl0pk
Aquí el encuentro entre # BranStark y the # NightKing en # BattleOfWinterfell antes de que llegara # AryaStark. # GOT # GameofThrones # DominGOT # GOTS8 # GOTS8E3 # Melisandrepic.twitter.com/vjSmERFEhg,Neu,0.0,0.0,aquí el encuentro entre branstark the nightking en battleofwinterfell ante de que llegara aryastark got gameofthrones domingot gots8 gots8e3 melisandrepic twitter com vjsmerfehg
House # Mormont you served well # ladyLyannaMormont # LyannaMormont # JeorMormont they'll be OK,Pos,0.5,0.5,house mormont you served well ladylyannamormont lyannamormont jeormormont they ll be ok
Pretty much! # GameofThrones # GoTS8 # BattleOfWinterfell # GOT # AryaStark # aegontargaryen # Daenerys # BranStark # SansaStark # Greyworm # JamieLannister # DemThroneshttps://twitter.com/mikehawk467/status/1122702091372441600 …,Pos,0.25,0.6,pretty much gameofthrones gots8 battleofwinterfell got aryastark aegontargaryen daenerys branstark sansastark greyworm jamielannister demthroneshttps twitter com mikehawk467 status 1122702091372441600
# AryaStark # BranStark # JonSnow # Daenerys # Brienne # Sansa # Jorah # Clegane # Tyrion # JaimeLannister # Melisandre # Whitewalkers # GOT # GOTS8 # GameOfThrones # Cersei # SamwellTarly AGREGUEN NOMAS CON CONFIANZA! RTpic.twitter.com/I4bc3nC7W3,Neu,0.0,0.0,aryastark branstark jonsnow daenerys brienne sansa jorah clegane tyrion jaimelannister melisandre whitewalkers got gots8 gameofthrones cersei samwelltarly agreguen noma con confianza rtpic twitter com i4bc3nc7w3
Yes it was dark as hell # GameofThrones # GoTS8 # BattleOfWinterfell # GOT # AryaStark # aegontargaryen # Daenerys # BranStark # SansaStark # Greyworm # JamieLannister # DemThroneshttps://twitter.com/Variety/status/1122702088406958083 …,Neg,-0.15,0.4,yes it wa dark a hell gameofthrones gots8 battleofwinterfell got aryastark aegontargaryen daenerys branstark sansastark greyworm jamielannister demthroneshttps twitter com variety status 1122702088406958083
# GameofThrones # GoTS8 # BattleOfWinterfell Also broke me. I am not sure what I just watched but bravo. # GOT I knew it be # AryaStark to save # ThreeEyedRaven #3000 # aegontargaryen # Daenerys # BranStark # SansaStark...https://twitter.com/iReko15/status/1122698843445977093?s=04 …,Neg,-0.25,0.8888888888888888,gameofthrones gots8 battleofwinterfell also broke me am not sure what just watched but bravo got knew it be aryastark to save threeeyedraven 3000 aegontargaryen daenerys branstark sansastark http twitter com ireko15 status 1122698843445977093 04
# BattleOfWinterfell couldn't be any more epic. Thank you # GameOfThrones for making this one a nail-biting affair. # GOTS8E3 # GOT # GotS8 # AryaStark @ Maisie_Williams @ hotstartweets # BranStark # nightkingpic.twitter.com/PVvborGyGN,Pos,0.3,0.45,battleofwinterfell couldn be any more epic thank you gameofthrones for making this one nail biting affair gots8e3 got gots8 aryastark maisie_williams hotstartweets branstark nightkingpic twitter com pvvborgygn
Que ansia que # BranStark se la pasó en modo avión todo el episodio. # GameOfThrones # got # GoTS8 # TheBattleOfWinterfellpic.twitter.com/RNBW8AizGI,Neu,0.0,0.0,que ansia que branstark se la pasó en modo avión todo el episodio gameofthrones got gots8 thebattleofwinterfellpic twitter com rnbw8aizgi
# GameofThrones # GoTS8 # BattleOfWinterfell Also broke me. I am not sure what I just watched but bravo. # GOT I knew it be # AryaStark to say # ThreeEyedRaven # aegontargaryen # Daenerys # BranStark # SansaStark # Greyworm # JamieLannisterhttps://twitter.com/iReko15/status/1122698843445977093 …,Neg,-0.25,0.8888888888888888,gameofthrones gots8 battleofwinterfell also broke me am not sure what just watched but bravo got knew it be aryastark to say threeeyedraven aegontargaryen daenerys branstark sansastark greyworm jamielannisterhttps twitter com ireko15 status 1122698843445977093
I had to turn the setting on my TV to 100% brightness # GameofThrones # GoTS8 # BattleOfWinterfell # GOT # AryaStark # aegontargaryen # Daenerys # BranStark # SansaStark # Greyworm # JamieLannister # DemThroneshttps://twitter.com/evanhaltom/status/1122698795408662529 …,Neu,0.0,0.0,i had to turn the setting on my tv to 100 brightness gameofthrones gots8 battleofwinterfell got aryastark aegontargaryen daenerys branstark sansastark greyworm jamielannister demthroneshttps twitter com evanhaltom status 1122698795408662529
# GameofThrones # GoTS8 # BattleOfWinterfell Also broke me. I am not sure what I just watched but bravo. # GOT I knew it be # AryaStark to say # ThreeEyedRaven # aegontargaryen # Daenerys # BranStark # SansaStark # Greyworm # JamieLannister https://www.facebook.com/1519116878/posts/10218689715663574/ …,Neg,-0.25,0.8888888888888888,gameofthrones gots8 battleofwinterfell also broke me am not sure what just watched but bravo got knew it be aryastark to say threeeyedraven aegontargaryen daenerys branstark sansastark greyworm jamielannister http www facebook com 1519116878 post 10218689715663574
OMG # AryaStark yes I knew it! # GameofThrones # GoTS8 # BattleOfWinterfell # GOT # aegontargaryen # Daenerys # BranStark # SansaStark # Greyworm # JamieLannister,Neu,0.0,0.0,omg aryastark yes knew it gameofthrones gots8 battleofwinterfell got aegontargaryen daenerys branstark sansastark greyworm jamielannister
Te salvaste # BranStark # ReapersGaming # GameOfThrones # GOT # GoTS8 # HBO,Neu,0.0,0.0,te salvaste branstark reapersgaming gameofthrones got gots8 hbo
ME RN AFTER THAT EPISODE. # Jon going after the # NightKing⁠ ⁠ got me like # BattleForWinterfell # BattleOfWinterfell # got⁠ ⁠ # GameOfThrones⁠ ⁠ # GoTS8⁠ ⁠ # SundayThoughts # BranStark⁠ ⁠ # JaimeLannister⁠ ⁠ # aegontargaryen⁠ ⁠ # DaenerysTargaryen⁠ ⁠ # gots8e3 # JonSnow⁠ ⁠pic.twitter.com/OSW9NkrqrV,Neu,0.0,0.0,me rn after that episode jon going after the nightking got me like battleforwinterfell battleofwinterfell got gameofthrones gots8 sundaythoughts branstark jaimelannister aegontargaryen daenerystargaryen gots8e3 jonsnow pic twitter com osw9nkrqrv
This episode has me like: # BattleForWinterfell # BattleOfWinterfell # got⁠ ⁠ # GameOfThrones⁠ ⁠ # GoTS8⁠ ⁠ # SundayThoughts # BranStark⁠ ⁠ # JaimeLannister⁠ ⁠ # aegontargaryen⁠ ⁠ # DaenerysTargaryen⁠ ⁠ # gots8e3 # JonSnow⁠ ⁠ # SansaStark⁠ ⁠ # TyrionLannister⁠ ⁠ # aryapic.twitter.com/sFgZb0NYHn,Neu,0.0,0.0,this episode ha me like battleforwinterfell battleofwinterfell got gameofthrones gots8 sundaythoughts branstark jaimelannister aegontargaryen daenerystargaryen gots8e3 jonsnow sansastark tyrionlannister aryapic twitter com sfgzb0nyhn
Omfg # JORAH!!! # Jon going after the # NightKing⁠ ⁠ got me like # BattleForWinterfell # BattleOfWinterfell # got⁠ ⁠ # GameOfThrones⁠ ⁠ # GoTS8⁠ ⁠ # SundayThoughts # BranStark⁠ ⁠ # JaimeLannister⁠ ⁠ # aegontargaryen⁠ ⁠ # DaenerysTargaryen⁠ ⁠ # gots8e3 # JonSnow⁠ ⁠pic.twitter.com/pkBHMe6M73,Neu,0.0,0.0,omfg jorah jon going after the nightking got me like battleforwinterfell battleofwinterfell got gameofthrones gots8 sundaythoughts branstark jaimelannister aegontargaryen daenerystargaryen gots8e3 jonsnow pic twitter com pkbhme6m73
No!!! # theon # BattleForWinterfell # BattleOfWinterfell # got⁠ ⁠ # GameOfThrones⁠ ⁠ # GoTS8⁠ ⁠ # SundayThoughts # BranStark⁠ ⁠ # JaimeLannister⁠ ⁠ # aegontargaryen⁠ ⁠ # DaenerysTargaryen⁠ ⁠ # gots8e3 # JonSnow⁠ ⁠ # SansaStark⁠ ⁠ # TyrionLannister⁠ ⁠pic.twitter.com/TwkK8UeqjL,Neu,0.0,0.0,no theon battleforwinterfell battleofwinterfell got gameofthrones gots8 sundaythoughts branstark jaimelannister aegontargaryen daenerystargaryen gots8e3 jonsnow sansastark tyrionlannister pic twitter com twkk8ueqjl
# Jon going after the # NightKing got me like # BattleForWinterfell # BattleOfWinterfell # got # GameOfThrones # GoTS8 # SundayThoughts # BranStark # JaimeLannister # aegontargaryen # DaenerysTargaryen # gots8e3 # JonSnow # SansaStark # TyrionLannisterpic.twitter.com/uYLRqdko5m,Neu,0.0,0.0,jon going after the nightking got me like battleforwinterfell battleofwinterfell got gameofthrones gots8 sundaythoughts branstark jaimelannister aegontargaryen daenerystargaryen gots8e3 jonsnow sansastark tyrionlannisterpic twitter com uylrqdko5m
# RIP Leanna! # BattleForWinterfell # BattleOfWinterfell # got # GameOfThrones # GoTS8 # SundayThoughts # BranStark # JaimeLannister # aegontargaryen # DaenerysTargaryen # gots8e3 # JonSnow # SansaStark # TyrionLannister,Neu,0.0,0.0,rip leanna battleforwinterfell battleofwinterfell got gameofthrones gots8 sundaythoughts branstark jaimelannister aegontargaryen daenerystargaryen gots8e3 jonsnow sansastark tyrionlannister
WTF - a bridge?! # BattleForWinterfell # BattleOfWinterfell # got # GameOfThrones # GoTS8 # SundayThoughts # BranStark # JaimeLannister # aegontargaryen # DaenerysTargaryen # gots8e3 # JonSnow # SansaStark # TyrionLannisterpic.twitter.com/vMjxxwxT7i,Neg,-0.625,1.0,wtf bridge battleforwinterfell battleofwinterfell got gameofthrones gots8 sundaythoughts branstark jaimelannister aegontargaryen daenerystargaryen gots8e3 jonsnow sansastark tyrionlannisterpic twitter com vmjxxwxt7i
Blow em up # MELISANDRE !! # BattleForWinterfell # BattleOfWinterfell # got # GameOfThrones # GoTS8 # SundayThoughts # BranStark # JaimeLannister # aegontargaryen # DaenerysTargaryen # gots8e3 # JonSnow # SansaStark # TyrionLannister,Neu,0.0,0.0,blow em up melisandre battleforwinterfell battleofwinterfell got gameofthrones gots8 sundaythoughts branstark jaimelannister aegontargaryen daenerystargaryen gots8e3 jonsnow sansastark tyrionlannister
Wth is happening # BattleForWinterfell # BattleOfWinterfell # got # GameOfThrones # GoTS8 # SundayThoughts # BranStark # JaimeLannister # aegontargaryen # DaenerysTargaryen # gots8e3 # JonSnow # SansaStark # TyrionLannisterpic.twitter.com/Fs4nRKaNZe,Neu,0.0,0.0,wth is happening battleforwinterfell battleofwinterfell got gameofthrones gots8 sundaythoughts branstark jaimelannister aegontargaryen daenerystargaryen gots8e3 jonsnow sansastark tyrionlannisterpic twitter com fs4nrkanze
OMFG # JORAH WHERE ARE YOU! And # GHOST?! # BattleForWinterfell # BattleOfWinterfell # got # GameOfThrones # GoTS8 # SundayThoughts # BranStark # JaimeLannister # aegontargaryen # DaenerysTargaryen # gots8e3 # JonSnow # SansaStark # TyrionLannisterpic.twitter.com/K8kJOq1CM7,Neu,0.0,0.0,omfg jorah where are you and ghost battleforwinterfell battleofwinterfell got gameofthrones gots8 sundaythoughts branstark jaimelannister aegontargaryen daenerystargaryen gots8e3 jonsnow sansastark tyrionlannisterpic twitter com k8kjoq1cm7
GHOST!!!! # BattleForWinterfell # BattleOfWinterfell # got # GameOfThrones # GoTS8 # SundayThoughts # BranStark # JaimeLannister # aegontargaryen # DaenerysTargaryen # gots8e3 # JonSnow # SansaStark # TyrionLannister,Neu,0.0,0.0,ghost battleforwinterfell battleofwinterfell got gameofthrones gots8 sundaythoughts branstark jaimelannister aegontargaryen daenerystargaryen gots8e3 jonsnow sansastark tyrionlannister
Wtf # Melisandre !!! # BattleForWinterfell # BattleOfWinterfell # got # GameOfThrones # GoTS8 # SundayThoughts # BranStark # JaimeLannister # aegontargaryen # DaenerysTargaryen # gots8e3 # JonSnow # SansaStark # TyrionLannisterpic.twitter.com/S6j0iue7lM,Neg,-0.9765625,1.0,wtf melisandre battleforwinterfell battleofwinterfell got gameofthrones gots8 sundaythoughts branstark jaimelannister aegontargaryen daenerystargaryen gots8e3 jonsnow sansastark tyrionlannisterpic twitter com s6j0iue7lm
Who’s about to die? # BattleForWinterfell # BattleOfWinterfell # got # GameOfThrones # GoTS8 # SundayThoughts # BranStark # JaimeLannister # aegontargaryen # DaenerysTargaryen # gots8e3 # JonSnow # SansaStark # TyrionLannister,Neu,0.0,0.0,who about to die battleforwinterfell battleofwinterfell got gameofthrones gots8 sundaythoughts branstark jaimelannister aegontargaryen daenerystargaryen gots8e3 jonsnow sansastark tyrionlannister
Samwell in that first scene is exactly how I’m feeling rn. # BattleForWinterfell # BattleOfWinterfell # got # GameOfThrones # GoTS8 # SundayThoughts # BranStark # JaimeLannister # aegontargaryen # DaenerysTargaryen # gots8e3 # JonSnow # SansaStark # TyrionLannister,Pos,0.25,0.29166666666666663,samwell in that first scene is exactly how m feeling rn battleforwinterfell battleofwinterfell got gameofthrones gots8 sundaythoughts branstark jaimelannister aegontargaryen daenerystargaryen gots8e3 jonsnow sansastark tyrionlannister
Are y’all ready for # GOT?! # BattleOfWinterfell # BattleOfWinterfell # got # GameOfThrones # GoTS8 # SundayThoughts # BranStark # JaimeLannister # aegontargaryen # DaenerysTargaryen # gots8e3 # JonSnow # SansaStark # TyrionLannisterpic.twitter.com/1IA8PlgAqU,Pos,0.25,0.5,are all ready for got battleofwinterfell battleofwinterfell got gameofthrones gots8 sundaythoughts branstark jaimelannister aegontargaryen daenerystargaryen gots8e3 jonsnow sansastark tyrionlannisterpic twitter com 1ia8plgaqu
How I feel before the # BattleOfWinterfell # got # GameOfThrones # GoTS8 # SundayThoughts # BranStark # JaimeLannister # aegontargaryen # DaenerysTargaryen # gots8e3 # JonSnowpic.twitter.com/xA9Uzk4WN2,Neu,0.0,0.0,how feel before the battleofwinterfell got gameofthrones gots8 sundaythoughts branstark jaimelannister aegontargaryen daenerystargaryen gots8e3 jonsnowpic twitter com xa9uzk4wn2
i think our prediction number 7 could be proven right tonight: http://bit.ly/2G3nKhP # gameofthrones # gots8 # got # forthethrone # Daenerys # jonsnow # sansa # theon # tyrionlannister # thenightking # CerseiLannister # aryastark # branstark # samwelltarly # crypts,Pos,0.2857142857142857,0.5357142857142857,i think our prediction number 7 could be proven right tonight http bit ly 2g3nkhp gameofthrones gots8 got forthethrone daenerys jonsnow sansa theon tyrionlannister thenightking cerseilannister aryastark branstark samwelltarly crypt
# GoT| # GoTs8| # GameOfThrones # Daenerys| # JonSnow| # CerseiLannister| # AryaStark| # JaimeLannister| # TyrionLannister| # SansaStark| # BranStark| # BrienneOfTarth| # DavosSeaworth| # EuronGreyjoy| # JorahMormont| # Greyworm| # Melisandre| # Missandei| # SamwellTarly| # TheonGreyjou| # Varys| # TheHound| # NightKing,Neu,0.0,0.0,got gots8 gameofthrones daenerys jonsnow cerseilannister aryastark jaimelannister tyrionlannister sansastark branstark brienneoftarth davosseaworth eurongreyjoy jorahmormont greyworm melisandre missandei samwelltarly theongreyjou varys thehound nightking
Ooh a 3 eyed raven! # gameofthrones # GoTS8 # got # nightking # BranStark # bran # starkpic.twitter.com/5tu6VyNgxA,Neu,0.0,0.0,ooh 3 eyed raven gameofthrones gots8 got nightking branstark bran starkpic twitter com 5tu6vyngxa
# GameofThrones # GameofThones # gameofthronesmemes # GOT # GoTS8 # SamwellTarly # JonSnow # BranStark # DanaerysTargaryenpic.twitter.com/6bdcIKMOY8,Neu,0.0,0.0,gameofthrones gameofthones gameofthronesmemes got gots8 samwelltarly jonsnow branstark danaerystargaryenpic twitter com 6bdcikmoy8
# GameofThrones # GameOfThrones8 # GOT # GoTS8 # TyrionLannister # JaimeLannister # DanaerysTargaryen # JonSnow # branstark pic.twitter.com/5zdkwE0Heb,Neu,0.0,0.0,gameofthrones gameofthrones8 got gots8 tyrionlannister jaimelannister danaerystargaryen jonsnow branstark pic twitter com 5zdkwe0heb
Escuchá la canción de Florence + the Machine para # GameofThrones: Jenny of Oldstones # ForTheThrone # GOT # GoTS8 # JonSnow # SamwellTarly # Daenerys # AryaStark # BranStark # JuegodeTronos # SansaStark # Tyrion # Cersei # Whitewalkers # florenceandthemachine https://youtu.be/wQhd6uv5v5E,Neu,0.0,0.0,escuchá la canción de florence the machine para gameofthrones jenny of oldstones forthethrone got gots8 jonsnow samwelltarly daenerys aryastark branstark juegodetronos sansastark tyrion cersei whitewalkers florenceandthemachine http youtu be wqhd6uv5v5e
Directo de Invernatitlán: la familia Starktl # GoT # GoTS8 # stark # forthethrone # JuegoDeTronos # GameOfThrones # BranStark # AryaStark # SansaStark # JonSnow # HechoEn # mexico # cdmx # mx # códice # aztecapic.twitter.com/t0VZKlPV2q,Neg,-0.2,0.6,directo de invernatitlán la familia starktl got gots8 stark forthethrone juegodetronos gameofthrones branstark aryastark sansastark jonsnow hechoen mexico cdmx mx códice aztecapic twitter com t0vzklpv2q
http://bit.ly/2G3nKhP skip to 19:31 for what i predict is gonna happen! I CANT WAIT! # gameofthrones # gots8 # got # forthethrone # Daenerys # jonsnow # sansa # theon # tyrionlannister # thenightking # CerseiLannister # aryastark # branstark # samwelltarly # crypts,Neu,0.0,0.0,http bit ly 2g3nkhp skip to 19 31 for what predict is gonna happen cant wait gameofthrones gots8 got forthethrone daenerys jonsnow sansa theon tyrionlannister thenightking cerseilannister aryastark branstark samwelltarly crypt
Looool # AryaStark # BranStark # GOT # GOTS8 # GameofThrones # DemThrones # threeeyedravenhttps://twitter.com/Tjkxy_/status/1120151364074639360 …,Neu,0.0,0.0,looool aryastark branstark got gots8 gameofthrones demthrones threeeyedravenhttps twitter com tjkxy_ status 1120151364074639360
Arya Stark sahnesi bana gereksiz geldi olmasa da olurdu neyse Arya Stark'ta milli olduğuna göre gözler Bran Stark'ta. # BranStark # AryaStark # GoTS8 # GOT # gameofthrones,Neg,-0.20000000000000004,0.6,arya stark sahnesi bana gereksiz geldi olmasa da olurdu neyse arya stark ta milli olduğuna göre gözler bran stark ta branstark aryastark gots8 got gameofthrones
OK so the crypts were mentioned a LOT... i think prediction number 7 could be right: http://bit.ly/2G3nKhP # gameofthrones # gots8 # got # forthethrone # Daenerys # jonsnow # sansa # theon # tyrionlannister # thenightking # CerseiLannister # aryastark # branstark # samwelltarly # crypts,Pos,0.39285714285714285,0.5178571428571428,ok so the crypt were mentioned lot think prediction number 7 could be right http bit ly 2g3nkhp gameofthrones gots8 got forthethrone daenerys jonsnow sansa theon tyrionlannister thenightking cerseilannister aryastark branstark samwelltarly crypt
A time for Wolves. — Dama # SansaStark — Viento Gris # RobbStark — Peludo # RickonStark — Verano # BranStark — Nymeria # AryaStark — Fantasma # JonSnow # GameOfThrones # GoT # GOTS8 # JuegodeTronos # VivePoniente # Poreltrono # FortheThrone # CDHYF # ASOIAFpic.twitter.com/5mA6DBx5Ia,Neu,0.0,0.0,a time for wolf dama sansastark viento gris robbstark peludo rickonstark verano branstark nymeria aryastark fantasma jonsnow gameofthrones got gots8 juegodetronos viveponiente poreltrono forthethrone cdhyf asoiafpic twitter com 5ma6dbx5ia
La promoción esta aqui,Neu,0.0,0.0,la promoción esta aqui
ESTO VA A ESTAR SUCEDIENDO EN MI INSTAGRAM (Zetazalazar) HASTA EL DOMINGO. TODXS INVITADXS! # GameofThrones # Arya # JonSnow # Tyrion # Sansa # Daenerys # BranStark # GoT # GOT8 # GOTS8 # got8x03pic.twitter.com/LPEQkDDuzl,Neu,0.0,0.0,esto va estar sucediendo en mi instagram zetazalazar hasta el domingo todxs invitadxs gameofthrones arya jonsnow tyrion sansa daenerys branstark got got8 gots8 got8x03pic twitter com lpeqkdduzl
OK so the crypts were mentioned a LOT tn ... i think our prediction number 7 could be right: http://bit.ly/2G3nKhP # gameofthrones # gots8 # got # forthethrone # Daenerys # jonsnow # sansastark # tyrionlannister # thenightking # CerseiLannister # aryastark # branstark # samwelltarly,Pos,0.39285714285714285,0.5178571428571428,ok so the crypt were mentioned lot tn think our prediction number 7 could be right http bit ly 2g3nkhp gameofthrones gots8 got forthethrone daenerys jonsnow sansastark tyrionlannister thenightking cerseilannister aryastark branstark samwelltarly
# GameofThrones # GOTS8 # GameofThronesSeason8 # GOTS8E2 # got # GOT8 # BranStark # GameOfThornes Bran (in assembly) :- Things we do for love !!! Jamie (in private) :- Things we do for saving our life !!pic.twitter.com/p6W5oRJYJ6,Pos,0.48828125,0.4875,gameofthrones gots8 gameofthronesseason8 gots8e2 got got8 branstark gameofthornes bran in assembly thing we do for love jamie in private thing we do for saving our life pic twitter com p6w5orjyj6
J'invite @ MythraPneuma # Daenerys # JonSnow # CerseiLannister # AryaStark # JaimeLannister # TyrionLannister # SansaStark # BranStark # BrienneOfTarth # GameOfThrones # ForTheThrone # OCSGOT # GoTS8 # GoT,Neu,0.0,0.0,j invite mythrapneuma daenerys jonsnow cerseilannister aryastark jaimelannister tyrionlannister sansastark branstark brienneoftarth gameofthrones forthethrone ocsgot gots8 got
I'm just glad someone convinced Bran to finally come back inside in Episode 2! # GameofThrones # GOT # GameofThronesSeason8 # gots8 # BranStark pic.twitter.com/Ta4jp9cyaL,Pos,0.16666666666666666,0.6666666666666666,i just glad someone convinced bran to finally come back inside in episode 2 gameofthrones got gameofthronesseason8 gots8 branstark pic twitter com ta4jp9cyal
BRAN STARK IN REAL LIFE Well done @ DevinCrittenden and @ alinabock . . # got # season8 # gots8 # gameofthrones # gameofthronesmemes # branstark # hbo # sketchcomedy # comedy # filmedoniphone… https://www.instagram.com/p/BwkQZHvg3uz/?utm_source=ig_twitter_share&igshid=nw0i7hvtur7z …,Neu,0.0,0.45,bran stark in real life well done devincrittenden and alinabock got season8 gots8 gameofthrones gameofthronesmemes branstark hbo sketchcomedy comedy filmedoniphone http www instagram com bwkqzhvg3uz utm_source ig_twitter_share igshid nw0i7hvtur7z
Eu vendo vocês falando que o meu Bran virou um adulto feio # BranStark # gameofthrones # GOT # GamefThrones # GOTS8E2 # GOTS8 # ForTheThronepic.twitter.com/P0pPOVpj2R,Neu,0.0,0.0,eu vendo vocês falando que meu bran virou um adulto feio branstark gameofthrones got gamefthrones gots8e2 gots8 forthethronepic twitter com p0ppovpj2r
All # Spoilers must die! @ GameOfThrones fans who are yet to watch # season8 EP 2 right now! # Got | # GameofThrones | # gots8 | # gotseason8 | # WinterisComing | # AryaStark | # JonSnow | # gotmemes | # meme | # memes | # sansastark | # branstark I @ gameofthronesme I @ AllGOTMemespic.twitter.com/1tYGIPPOmo,Pos,0.3571428571428571,0.5357142857142857,all spoiler must die gameofthrones fan who are yet to watch season8 ep 2 right now got gameofthrones gots8 gotseason8 winteriscoming aryastark jonsnow gotmemes meme meme sansastark branstark gameofthronesme allgotmemespic twitter com 1tygippomo
With # NightKing on his way,Neu,0.0,0.0,with nightking on his way
¿Que te pareció el segundo capítulo de la 8va temporada de Game of Thrones? # GameofThrones # GameofThronesSeason8 # ForTheThrone # GOT # GoTS8 # JonSnow # SamwellTarly # Daenerys # AryaStark # BranStark # HBOLAT # JuegodeTronos # SansaStark # Tyrion # Cersei # WhiteWalkers,Neg,-0.4,0.4,que te pareció el segundo capítulo de la 8va temporada de game of throne gameofthrones gameofthronesseason8 forthethrone got gots8 jonsnow samwelltarly daenerys aryastark branstark hbolat juegodetronos sansastark tyrion cersei whitewalkers
TYRION! Finally,Neu,0.0,1.0,tyrion finally
Episode 1 gave me the reunion I never knew I needed. (Jaime and Bran) Episode 2 gave me the song I never knew I needed. (Jenny of Oldstones) # GameofThrones # WinterIsHere # GOT # GOTS8 # JaimeLannister # BranStark,Neu,0.0,0.0,episode 1 gave me the reunion never knew needed jaime and bran episode 2 gave me the song never knew needed jenny of oldstones gameofthrones winterishere got gots8 jaimelannister branstark
# GameofThrones s08e02 recap is locked and loaded faster than the Night King can turn a dragon...never mind,Neu,0.0,0.0,gameofthrones s08e02 recap is locked and loaded faster than the night king can turn dragon never mind
# BranStark finally solved a # GameofThrones mystery about the # ThreeEyedRaven # GOTS8 # GOT https://www.polygon.com/game-of-thrones/2019/4/21/18510136/game-of-thrones-bran-stark-night-king-three-eyed-raven-history-season-8-episode-2 …,Neu,0.0,1.0,branstark finally solved gameofthrones mystery about the threeeyedraven gots8 got http www polygon com game of throne 2019 4 21 18510136 game of throne bran stark night king three eyed raven history season 8 episode 2
"Epic quote : The things I do for love"" DAAAAAMN # BranStark # GameofThrones # GOT # GOTS8 pic.twitter.com/k3Dkmfxobq""",Pos,0.3,0.5,epic quote the thing do for love daaaaamn branstark gameofthrones got gots8 pic twitter com k3dkmfxobq
Que shit con # BranStark y the # NightKing fuckfuckfuck that shit! # GameofThrones # GOT # GOTS8,Neg,-0.225,0.8,que shit con branstark the nightking fuckfuckfuck that shit gameofthrones got gots8
¿Quien crees que morira primero en el capitulo 8x03 de # GOT ? # AryaStark # JaimeLannister # TyrionLannister # SansaStark # BranStark # BrienneOfTarth # DavosSeaworth # EuronGreyjoy # JorahMormont # Greyworm # Missandei # SamwellTarly # TheonGreyjoy # Varys # TheHound # GameOfThrones # GotS8,Neu,0.0,0.0,quien cree que morira primero en el capitulo 8x03 de got aryastark jaimelannister tyrionlannister sansastark branstark brienneoftarth davosseaworth eurongreyjoy jorahmormont greyworm missandei samwelltarly theongreyjoy varys thehound gameofthrones gots8
BRAN CALLED HIM OUT “The things we do for love” ahahahahahhahahahaha and Brienne taking up for him!!!!!! YASSS # GameOfThrones # GoTS8 # GoT # BranStark,Pos,1.0,0.6,bran called him out the thing we do for love ahahahahahhahahahaha and brienne taking up for him yasss gameofthrones gots8 got branstark
Ahora,Neu,0.0,0.0,ahora
Previamente en Juego de Tronos... # GoT # GoTS8 # BranStark # stark # JaimeLannister # Lannister # forthethrone # JuegoDeTronos # GameOfThrones # mexico # HechoEn # cdmx # mx # códice # azteca # BaiaBaiapic.twitter.com/BDJfilpUbD,Neg,-0.2,0.6,previamente en juego de tronos got gots8 branstark stark jaimelannister lannister forthethrone juegodetronos gameofthrones mexico hechoen cdmx mx códice azteca baiabaiapic twitter com bdjfilpubd
# BranStark aún no revela nada,Neu,0.0,0.0,branstark aún no revela nada
Game of Thrones is on at 2AM on Sky Atlantic,Neg,-0.4,0.4,game of throne is on at 2am on sky atlantic
Pqp!!! # Got # ForTheThrone # GOTS8 # GameofThrones # BranStark pic.twitter.com/QqjqFAQJMt,Neu,0.0,0.0,pqp got forthethrone gots8 gameofthrones branstark pic twitter com qqjqfaqjmt
This week on Game Of Thrones...Bran continues to stare blankly at people creeping them out! # GameofThrones # branstark # GameofThronesSeason8 # GoTS8 # GOT pic.twitter.com/mnV4yVe8dH,Neg,-0.2,0.2,this week on game of throne bran continues to stare blankly at people creeping them out gameofthrones branstark gameofthronesseason8 gots8 got pic twitter com mnv4yve8dh
It's tough being # Sansa. To be a Lady of Winterfell and a caring sister at the same time. # GameOfThrones # GoT # GotS8 # HBO # SansaStark # Winterfell # LadyOfWinterfell # Starks # AryaStark # BranStark # RickonStark # RobbStark # JonSnow # socialmediacalenda… https://www.instagram.com/p/BwgowRGgZGU/ pic.twitter.com/6jIcuUyIvW,Neg,-0.19444444444444445,0.4791666666666667,it tough being sansa to be lady of winterfell and caring sister at the same time gameofthrones got gots8 hbo sansastark winterfell ladyofwinterfell starks aryastark branstark rickonstark robbstark jonsnow socialmediacalenda http www instagram com bwgowrggzgu pic twitter com 6jicuuyivw
empurra ae tio jaime # GameofThrones # GoTS8 # GoT # JaimeLannister # BranStark # SabadoDetremuraSDVpic.twitter.com/V8dmEuT5QI,Neu,0.0,0.0,empurra ae tio jaime gameofthrones gots8 got jaimelannister branstark sabadodetremurasdvpic twitter com v8dmeut5qi
~ Especial memes Bran y Jaime,Neu,0.0,0.0,especial meme bran jaime
Oh my,Neu,0.0,0.0,oh my
Game Of Yeşilçam (5 TL bütçe ile # GoT ) . musaethem . nrllh.zn . yaseminzzz . . # got # gameofthrones # parody # kısafilm # gots8 # aryastark # jaimelannister # branstark # jonsnow # winterishere # daenerystargaryen… https://www.instagram.com/p/BwcqqkYAtI7/?igshid=19vn44bikye1r …,Neg,-0.4,0.4,game of yeşilçam 5 tl bütçe ile got musaethem nrllh zn yaseminzzz got gameofthrones parody kısafilm gots8 aryastark jaimelannister branstark jonsnow winterishere daenerystargaryen http www instagram com bwcqqkyati7 igshid 19vn44bikye1r
Has someone coined the term ‘You’ve been Bran Stark-ed ‘ yet? . . # got # season8 # gots8 # gameofthrones # gameofthronesmemes # branstark # hbo # sketchcomedy # comedy # filmedoniphone @Winterfell https://www.instagram.com/p/BwcfrZqgds_/?utm_source=ig_twitter_share&igshid=1jh0ndpt3275p …,Neu,0.0,0.0,ha someone coined the term you ve been bran stark ed yet got season8 gots8 gameofthrones gameofthronesmemes branstark hbo sketchcomedy comedy filmedoniphone winterfell http www instagram com bwcfrzqgds_ utm_source ig_twitter_share igshid 1jh0ndpt3275p
# GameOfThrones # GOT # GoTS8 # ForTheThrone # JonSnow # NightKing # BranStark # AryaStark # SansaStark # Khaleesi # TyrionLannister # DaenerysTargaryen # KingInTheNorth # WhiteWalkers… https://www.instagram.com/visuallords/p/Bwaidwoh0_O/?utm_source=ig_twitter_share&igshid=ydfyk1g0svkf …,Neu,0.0,0.0,gameofthrones got gots8 forthethrone jonsnow nightking branstark aryastark sansastark khaleesi tyrionlannister daenerystargaryen kinginthenorth whitewalkers http www instagram com visuallords bwaidwoh0_o utm_source ig_twitter_share igshid ydfyk1g0svkf
Stuck in the courtyard # MrUseless # Iaintgotnolegs # BranStark # BrandonStark # GameofThrones # GOT # GOTS8 # FortheThrone https://www.instagram.com/p/BwZcPWDBJsK/?utm_source=ig_twitter_share&igshid=1verdcydqnc6r …,Neu,0.0,0.0,stuck in the courtyard mruseless iaintgotnolegs branstark brandonstark gameofthrones got gots8 forthethrone http www instagram com bwzcpwdbjsk utm_source ig_twitter_share igshid 1verdcydqnc6r
Winter is Here. Which side are you on? # GameOfThrones # TheMindOfReyRey # GOT # GoTS8 # ForTheThrone # JonSnow # NightKing # BranStark # AryaStark # SansaStark # Khaleesi # TyrionLannister # DaenerysTargaryen # KingInTheNorth # WhiteWalkers # MotherOfDragons # JaimeLannister # WinterIsComingpic.twitter.com/ptTzTOavVJ,Neu,0.0,0.0,winter is here which side are you on gameofthrones themindofreyrey got gots8 forthethrone jonsnow nightking branstark aryastark sansastark khaleesi tyrionlannister daenerystargaryen kinginthenorth whitewalkers motherofdragons jaimelannister winteriscomingpic twitter com pttztoavvj
Posted withrepost • @ themindofreyrey Winter is Here. Which side are you on? # GameOfThrones # TheMindOfReyRey # GOT # GoTS8 # ForTheThrone # JonSnow # NightKing # BranStark # AryaStark… https://www.instagram.com/visuallords/p/BwX6z_8hmEj/?utm_source=ig_twitter_share&igshid=ownl8ldy2wzl …,Neu,0.0,0.0,posted withrepost themindofreyrey winter is here which side are you on gameofthrones themindofreyrey got gots8 forthethrone jonsnow nightking branstark aryastark http www instagram com visuallords bwx6z_8hmej utm_source ig_twitter_share igshid ownl8ldy2wzl
Winter is Here. Which side are you on? # GameOfThrones # TheMindOfReyRey # GOT # GoTS8 # ForTheThrone # JonSnow # NightKing # BranStark # AryaStark # SansaStark # Khaleesi # TyrionLannister… https://www.instagram.com/p/BwX5bLqA6q6/?utm_source=ig_twitter_share&igshid=1mtlqe82jox23 …,Neu,0.0,0.0,winter is here which side are you on gameofthrones themindofreyrey got gots8 forthethrone jonsnow nightking branstark aryastark sansastark khaleesi tyrionlannister http www instagram com bwx5blqa6q6 utm_source ig_twitter_share igshid 1mtlqe82jox23
Que momento!!! # gameofthrones # gameofthronesbrasil # GoT2019 # gotseason8 # gotbrasil # got # gots8 # hbo # domingot # domingo # abril #2019 # branstark # jaimelannisterpic.twitter.com/qaUpanF32M,Neu,0.0,0.0,que momento gameofthrones gameofthronesbrasil got2019 gotseason8 gotbrasil got gots8 hbo domingot domingo abril 2019 branstark jaimelannisterpic twitter com qaupanf32m
# BranStark prevendo a morte de # JonSnow que ocorre nos eventos finais de Dança dos Dragões,Neu,0.0,0.0,branstark prevendo morte de jonsnow que ocorre no eventos finais de dança do dragões
# GoTSpoilers # GameofThrones is back and I'm doing a mini comic series of # inked # illustrations for each new # GoTS8 episode. Enjoyed the nostalgic reunions of # GotS8E1 with # Winterfell to head buts! # BranStark # GOT # GOTdrawings # Theon # CerseiLannister # JaimeLannister # yaragreyjoypic.twitter.com/gu8vi19BsK,Pos,0.05227272727272727,0.5309090909090909,gotspoilers gameofthrones is back and m doing mini comic series of inked illustration for each new gots8 episode enjoyed the nostalgic reunion of gots8e1 with winterfell to head buts branstark got gotdrawings theon cerseilannister jaimelannister yaragreyjoypic twitter com gu8vi19bsk
Last Sunday night is the largest night of streaming activity ever for HBO # GameOfThrones # ForTheThrone # GOTS8 # GoT # ratings # HBO # TVratings # Winterfell # JonSnow # AryaStark # BranStark # SansaStark # Daenerys # JaimeLannister # Cersei # Tyrion https://geekspin.co/game-of-thrones-season-8-premiere-ratings/ … via @ geekspinco,Neu,0.0,0.06666666666666667,last sunday night is the largest night of streaming activity ever for hbo gameofthrones forthethrone gots8 got rating hbo tvratings winterfell jonsnow aryastark branstark sansastark daenerys jaimelannister cersei tyrion http geekspin co game of throne season 8 premiere rating via geekspinco
Prediction: As much as we love character shade,Pos,0.5,0.6,prediction a much a we love character shade
C'mon # BranStark # Khaleesi # JonSnow # GameofThrones # Got # GoTS8 pic.twitter.com/V8og80PTCA,Neu,0.0,0.0,c mon branstark khaleesi jonsnow gameofthrones got gots8 pic twitter com v8og80ptca
Bu sahne de # BranStark izlediği ile ilgili şeyler okudum. Bana çok mantıklı geldi. Rötgenci pezevenk # JonSnow # GOT # GoTS8 # GameofThrones # DaenerysTargaryen # Khaleesihttps://twitter.com/TheWalkingDead/status/1117626692770512897 …,Neu,0.0,0.0,bu sahne de branstark izlediği ile ilgili şeyler okudum bana çok mantıklı geldi rötgenci pezevenk jonsnow got gots8 gameofthrones daenerystargaryen khaleesihttps twitter com thewalkingdead status 1117626692770512897
How # JaimeLannister felt inside when he saw # BranStark # GameofThrones # GoT # GameofThronesSeason8 # GoTS8 pic.twitter.com/OHLmtk7M2k,Neu,0.0,0.0,how jaimelannister felt inside when he saw branstark gameofthrones got gameofthronesseason8 gots8 pic twitter com ohlmtk7m2k
Hahaha # gameofthrones # BranStark # GoTS8 # GoT https://twitter.com/bluesidesx/status/1117619248568967168 …,Pos,0.2,0.4,hahaha gameofthrones branstark gots8 got http twitter com bluesidesx status 1117619248568967168
# BranStark # Bran # Got # GoTS8 # GameOfThrones # GameofThronesSeason8 # myart # mygif @ Isaac_H_Wrightpic.twitter.com/w6s88rNqr5,Neu,0.0,0.0,branstark bran got gots8 gameofthrones gameofthronesseason8 myart mygif isaac_h_wrightpic twitter com w6s88rnqr5
Bran sempre più inquietante,Neu,0.0,0.0,bran sempre più inquietante
Via @ nypl: # amreading # GameOfThrones # GOT # GOTS8 # readinglist # AryaStark # BranStark # SansaStark # DaenerysTargaryen # JonSnow # TyrionLannister # Cersei # Brienne # SamwellTarly # Yara # Theon # readingcommunity # ReadingForPleasure https://www.nypl.org/blog/2019/04/12/only-titles-that-matter-for-thrones-characters?utm_source=twitter.com&utm_medium=referral&utm_campaign=SocialFlow …,Neu,0.0,0.0,via nypl amreading gameofthrones got gots8 readinglist aryastark branstark sansastark daenerystargaryen jonsnow tyrionlannister cersei brienne samwelltarly yara theon readingcommunity readingforpleasure http www nypl org blog 2019 04 12 only title that matter for throne character utm_source twitter com utm_medium referral utm_campaign socialflow
"I'm waiting for an old friend"" - # BranStark # GameOfThrones # GOT # GOTS8 pic.twitter.com/vhUSYAwAqo""",Pos,0.1,0.2,i waiting for an old friend branstark gameofthrones got gots8 pic twitter com vhusyawaqo
# BranStark’s # ColdStare is # GameOfThrones # Season8’s real winner https://www.vox.com/2019/4/15/18311429/game-of-thrones-season-eight-creepy-bran-memes?utm_campaign=vox&utm_content=entry&utm_medium=social&utm_source=twitter … via @ voxdotcom # Memes # CreepyBran # News # TV # HBO # GoT # GoTS8 # GameOfThronesLooseEnds # LooseEnds # GameOfThronesSeason8 # Premiere # Season8,Pos,0.2,0.30000000000000004,branstark coldstare is gameofthrones season8 real winner http www vox com 2019 4 15 18311429 game of throne season eight creepy bran meme utm_campaign vox utm_content entry utm_medium social utm_source twitter via voxdotcom meme creepybran news tv hbo got gots8 gameofthroneslooseends looseends gameofthronesseason8 premiere season8
# GameofThrones # GoT # GoTS8 # BranStark pic.twitter.com/dLrhiV888M,Neu,0.0,0.0,gameofthrones got gots8 branstark pic twitter com dlrhiv888m
Bran seems to get around pretty easily (and creepily) since he's in every other scene. I just want to take a minute to applaud Winterfell's apparent wheelchair accessibility. # GameofThrones # GOT # GoTS8 # BranStark pic.twitter.com/K3F8YglilC,Pos,0.02166666666666667,0.7116666666666667,bran seems to get around pretty easily and creepily since he in every other scene just want to take minute to applaud winterfell apparent wheelchair accessibility gameofthrones got gots8 branstark pic twitter com k3f8yglilc
Bran reviewing the CCTV FOOTAGE to everyone. # GOT # GameofThrones # GoTS8 # BranStark # DemThronespic.twitter.com/3mkP3OScn7,Neu,0.0,0.0,bran reviewing the cctv footage to everyone got gameofthrones gots8 branstark demthronespic twitter com 3mkp3oscn7
Bran be like Hello sisterfucker # GameofThrones # GoT # GoTS8 # GOT8 # GotS8E1 # JamieLannister # BranStark # JonSnow # Daenerys # SansaStark # Sansa # AryaStark # Cersei # CerseiLannister # TheNightKing # Tyrion # Winterfell # kingslandingpic.twitter.com/0hazGH2TCq,Neu,0.0,0.0,bran be like hello sisterfucker gameofthrones got gots8 got8 gots8e1 jamielannister branstark jonsnow daenerys sansastark sansa aryastark cersei cerseilannister thenightking tyrion winterfell kingslandingpic twitter com 0hazgh2tcq
Nothing like the stare between Jaime and Bran. # GameofThrones # gots8 # GOT # BranStark # jaimelannister # juanlizh,Neu,0.0,0.0,nothing like the stare between jaime and bran gameofthrones gots8 got branstark jaimelannister juanlizh
# GameOfThrones # GOT # GoTS8 # GOT8 # Lannister # Stark # reunion # GoTrewatch # TronoDeHierro # tronodispade # JaimeLannister # BranStark pic.twitter.com/eVVQNvMwdz,Neg,-0.2,0.6,gameofthrones got gots8 got8 lannister stark reunion gotrewatch tronodehierro tronodispade jaimelannister branstark pic twitter com evvqnvmwdz
Last night after the episode Every. Single. Trend. was about # GameOfThrones all of the characters # GoT trending # ForTheThrone # GoTs8 # BranStark # SansaStark # AryaStark # Daenerys # JaimeLannister # Cersei # JonSnow # Gendry # WinterIsHere # TyrionLannisterpic.twitter.com/lqr3fVxPZl,Neg,-0.03571428571428571,0.14047619047619048,last night after the episode every single trend wa about gameofthrones all of the character got trending forthethrone gots8 branstark sansastark aryastark daenerys jaimelannister cersei jonsnow gendry winterishere tyrionlannisterpic twitter com lqr3fvxpzl
When Bran saw Jaime. # GameOfThrones # GameofThronesSeason8 # ForTheThrone # got # gots8 # BranStark # JaimeLannisterpic.twitter.com/ViEwN3Acns,Neu,0.0,0.0,when bran saw jaime gameofthrones gameofthronesseason8 forthethrone got gots8 branstark jaimelannisterpic twitter com viewn3acns
# GameofThrones # GOT # GoTS8 # JaimeLannister # BranStark # MacriGato # Macrisis # CFK2019 @ mauriciomacri @ CFKArgentinapic.twitter.com/XhWbcohKtO,Neu,0.0,0.0,gameofthrones got gots8 jaimelannister branstark macrigato macrisis cfk2019 mauriciomacri cfkargentinapic twitter com xhwbcohkto
Game of Evil VII ou Resident of Thrones VII? # GameofThrones # GameofThronesSeason8 # BranStark # GOT # GoTS8 # PS4 # XboxOneX # ResidentEvil2 # ResidentEvil # PCpic.twitter.com/00jh3mjXoO,Neg,-0.7,0.7,game of evil vii ou resident of throne vii gameofthrones gameofthronesseason8 branstark got gots8 ps4 xboxonex residentevil2 residentevil pcpic twitter com 00jh3mjxoo
~ Especial memes Bran y Jaime. ~ Spoiler del próximo capítulo entre Jaime y Bran. # WinterIsHere # GOT # GoTS8 # GameofThrones # JaimeLannister # BranStark pic.twitter.com/InjqSVRFvh,Neu,0.0,0.0,especial meme bran jaime spoiler del próximo capítulo entre jaime bran winterishere got gots8 gameofthrones jaimelannister branstark pic twitter com injqsvrfvh
# BranStark to Jamie : # GameofThrones # GOT # GoTS8 pic.twitter.com/2N4WTquNGB,Neu,0.0,0.0,branstark to jamie gameofthrones got gots8 pic twitter com 2n4wtqungb
“Night gathers,Neu,0.0,0.0,night gather
Is that me only who didn't realised that when # BranStark said that he's waiting for an old friend,Pos,0.05,0.6,is that me only who didn realised that when branstark said that he waiting for an old friend
That stare down tho. # GoTS8 # GOT # GameofThrones # GOT8 # Bran # BranStark # JamieLannister # TimesUphttps://twitter.com/iamnnabue/status/1117671027616768002 …,Neg,-0.15555555555555559,0.2888888888888889,that stare down tho gots8 got gameofthrones got8 bran branstark jamielannister timesuphttps twitter com iamnnabue status 1117671027616768002
They fuckin covered so much in first episode. Damn it was lit. # Got # GameofThronesSeason8 # ThronesDay # GoTS8 # GameOfThrones # BranStark # AryaStark # Sansa # JonSnow # Danypic.twitter.com/IOUmIH8uv4,Pos,0.25,0.3333333333333333,they fuckin covered so much in first episode damn it wa lit got gameofthronesseason8 thronesday gots8 gameofthrones branstark aryastark sansa jonsnow danypic twitter com ioumih8uv4
# JuegodeTronos # GameOfThrones # GOT # GoTS8 # GameofThronesSeason8 # JaimeLannister # BranStark Game of thrones pic.twitter.com/XUxMSZk6Un,Neg,-0.4,0.4,juegodetronos gameofthrones got gots8 gameofthronesseason8 jaimelannister branstark game of throne pic twitter com xuxmszk6un
https://youtu.be/1OoJ__sfDSM Arya stark Meeting jon snow scene.. GOT season 8 # GOT # GOTonHotstarPremium # GOT8 # GoTS8 # GOT8 # GameofThronesSeason8 # GameofThones # GameofThrones # GameOfThrones8 # AryaStark # JonSnow # DaenerysTargaryen # Khaleesi # BranStark # SansaStark # HBO,Neg,-0.2,0.6,http youtu be 1ooj__sfdsm arya stark meeting jon snow scene got season 8 got gotonhotstarpremium got8 gots8 got8 gameofthronesseason8 gameofthones gameofthrones gameofthrones8 aryastark jonsnow daenerystargaryen khaleesi branstark sansastark hbo
Jamie viendo a Bran en Invernalia. # GameofThrones # JuegodeTronos # forthethrone # GOT # gots8 # BranStark # JaimeLannisterpic.twitter.com/fbp4BEBEnJ,Neu,0.0,0.0,jamie viendo bran en invernalia gameofthrones juegodetronos forthethrone got gots8 branstark jaimelannisterpic twitter com fbp4bebenj
World will be lot better if ppl start speaking like Bran. # ToThePoint # StraightTalk # BranStark # GameofThrones # GoT # GoTS8,Pos,0.5,0.5,world will be lot better if ppl start speaking like bran tothepoint straighttalk branstark gameofthrones got gots8
Winterfell is the stage for Season 1 callbacks and reunions in the Game of Thrones Season 8 premiere. Here's our episode review. # GameofThrones # GoT # GoTS8 # ForTheThrone # Daenerys # JonSnow # AryaStark # SansaStark # BranStark # Tyrion # HBO # GoT8 # Appocalypse http://www.appocalypse.co/entertainment/game-of-thrones-season-8-episode-1-winterfell-review-s08e01/ …,Neg,-0.4,0.4,winterfell is the stage for season 1 callback and reunion in the game of throne season 8 premiere here our episode review gameofthrones got gots8 forthethrone daenerys jonsnow aryastark sansastark branstark tyrion hbo got8 appocalypse http www appocalypse co entertainment game of throne season 8 episode 1 winterfell review s08e01
Jajajajajakjajajaa..xD. # GameofThrones # GOT # GoTS8 # gamesofthronespanama # BranStark # JaimeLannisterpic.twitter.com/BGoI8iVOYX,Neu,0.0,0.0,jajajajajakjajajaa xd gameofthrones got gots8 gamesofthronespanama branstark jaimelannisterpic twitter com bgoi8ivoyx
Damn this kid is cripple and he's going everywhere while I'm perfectly healthy and yet I never leave my house # BranStark # GameOfThrones # GameofThronesSeason8 # GoTS8 # GOT pic.twitter.com/C6XX9a3x5c,Pos,0.5,0.5,damn this kid is cripple and he going everywhere while m perfectly healthy and yet never leave my house branstark gameofthrones gameofthronesseason8 gots8 got pic twitter com c6xx9a3x5c
Happy game of thrones day! # GOT # GOT8 # GoTS8 # GameOfThrones # BranStark # CerseiLannister # BrienneOfTarth,Pos,0.15000000000000002,0.7,happy game of throne day got got8 gots8 gameofthrones branstark cerseilannister brienneoftarth
"This moment! Bran: I'm waiting for an old friend."" Back then S01E01 Now S08E01 # GameofThrones # BranStark # GameofThronesSeason8 # GOT # GOT8 # GoTS8 # GOTonHotstarPremium @ Mr_AngshumanRoypic.twitter.com/LXtzm0qEvz""",Pos,0.05,0.1,this moment bran m waiting for an old friend back then s01e01 now s08e01 gameofthrones branstark gameofthronesseason8 got got8 gots8 gotonhotstarpremium mr_angshumanroypic twitter com lxtzm0qevz
Sam: ¿Y tú que haces aquí afuera? Bran: Estoy esperando a un viejo amigo. # GoTS8⁠ ⁠ # GOT⁠ # GameofThrones⁠ ⁠ # BranStark # JaimeLannisterpic.twitter.com/lv7PbW952E,Neu,0.0,0.0,sam tú que haces aquí afuera bran estoy esperando un viejo amigo gots8 got gameofthrones branstark jaimelannisterpic twitter com lv7pbw952e
# JaimeLannister and # BranStark staring each other like # Winterfell # GoTS8 # GameofThrones # GOT pic.twitter.com/2D5AqCeCIm,Neg,-0.125,0.375,jaimelannister and branstark staring each other like winterfell gots8 gameofthrones got pic twitter com 2d5aqcecim
For the night is long and full of spoilers! Anyone stay up to watch # GameOfThrones last night? @ ryanparish got up extra early to catch it before work # goTS8 # GameofThronesSeason8 # ForTheThrone # JonSnow # BranStark # AryaStark # CerseiLannister # DaenerysTargaryen # WinterIsHere # GOT pic.twitter.com/m76uUljNnp,Pos,0.0975,0.2833333333333334,for the night is long and full of spoiler anyone stay up to watch gameofthrones last night ryanparish got up extra early to catch it before work gots8 gameofthronesseason8 forthethrone jonsnow branstark aryastark cerseilannister daenerystargaryen winterishere got pic twitter com m76uuljnnp
Noooo!!! How dare it leaves me at # BranStark and # JaimeLannister staring at each other!!! Ugh! Till next week! # GoTS8 # GOT # GameofThrones,Neg,-0.152587890625,0.1875,noooo how dare it leaf me at branstark and jaimelannister staring at each other ugh till next week gots8 got gameofthrones
Sé como # BranStark # GameofThrones # GoT # GoTS8 # GameofThronesSeason8pic.twitter.com/EdC5gXmg48,Neu,0.0,0.0,sé como branstark gameofthrones got gots8 gameofthronesseason8pic twitter com edc5gxmg48
Dan dan da da dan dan da da daaan daaaan da da daaan daaaan da da daaaaaaaan # watching # series # gameofthrones # GoTS8 # GOT # S08E01 # HBO # Daenerys # JonSnow # CerseiLannister # AryaStark # JaimeLannister # TyrionLannister # SansaStark # BranStark # Melisandre # Missandei # NightKingpic.twitter.com/qJwKcTF7RT,Neu,0.0,0.0,dan dan da da dan dan da da daaan daaaan da da daaan daaaan da da daaaaaaaan watching series gameofthrones gots8 got s08e01 hbo daenerys jonsnow cerseilannister aryastark jaimelannister tyrionlannister sansastark branstark melisandre missandei nightkingpic twitter com qjwkctf7rt
Des épisodes de 1h30 ! C'est quoi ce mythe qu'on nous a vendu ? # GoTS8 # GOT # GameofThrones # AryaStark # sansastark # JonSnow # BranStark # WinterIsHere # dana,Neu,0.0,0.0,de épisodes de 1h30 est quoi ce mythe qu on nous vendu gots8 got gameofthrones aryastark sansastark jonsnow branstark winterishere dana
OMG! I teared up when # JonSnow hugged his brother # BranStark The first 5min... # GameofThrones # GameofThronesSeason8 # GoTS8 # GOT,Pos,0.25,0.3333333333333333,omg teared up when jonsnow hugged his brother branstark the first 5min gameofthrones gameofthronesseason8 gots8 got
# GameofThrones # JamieLanister cuando ve a # BranStark esperándolo en # Invernalia... # GoTS8 # got # JuegodeTronos # FortheThronepic.twitter.com/AAtaeY0wYz,Neu,0.0,0.0,gameofthrones jamielanister cuando ve branstark esperándolo en invernalia gots8 got juegodetronos forthethronepic twitter com aataey0wyz
I just found a spiral sigil pin on eBay https://www.ebay.com/itm/223482498779 … # Gameofthrones # Spiral # WhiteWalkers # Spirals # BranStark # Bran # SansaStark # Sansa # JonSnow # AryaStark # Arya # DemThrones # Dany # DaenerysTargaryen # Daenarys # CerseiLannister # Cersei # JamieLannister # GoTS8 # GOT pic.twitter.com/UVl0dB8rpP,Neu,0.0,0.0,i just found spiral sigil pin on ebay http www ebay com itm 223482498779 gameofthrones spiral whitewalkers spiral branstark bran sansastark sansa jonsnow aryastark arya demthrones dany daenerystargaryen daenarys cerseilannister cersei jamielannister gots8 got pic twitter com uvl0db8rpp
Askip Jon Snow il sera comme sa quand il va apprendre que c'est Jaime qui as poussé Bran # gameofthrones # GoTs8 # GameofThronesSeason8 # GoT # GoT8 # JonSnow # BranStark # JaimeLannister # CerseiLannisterpic.twitter.com/UTUGM75I80,Neu,0.0,0.0,askip jon snow il serum comme sa quand il va apprendre que est jaime qui a poussé bran gameofthrones gots8 gameofthronesseason8 got got8 jonsnow branstark jaimelannister cerseilannisterpic twitter com utugm75i80
# BranStark and # JaimeLannister # TheHappySoul # GameofThrones # GOT # GoTS8 # DemThronespic.twitter.com/b9eRwIARtC,Neu,0.0,0.0,branstark and jaimelannister thehappysoul gameofthrones got gots8 demthronespic twitter com b9erwiartc
Siiiiii jejejejeje palabras y hashtag como: # GameOfThrones # GOT # GoTS8 # DaenerysTargaryen # JonSnow # CerseiLannister # SansaStark # AryaStark # BranStark # TheNightKing,Neu,0.0,0.0,siiiiii jejejejeje palabras hashtag como gameofthrones got gots8 daenerystargaryen jonsnow cerseilannister sansastark aryastark branstark thenightking
¿Que fue lo peor del primer capítulo de la 8va temporada Game of Thrones? # GameofThrones # GameofThronesSeason8 # ForTheThrone # GameOfThornes # got # GoTS8 # JonSnow # SamwellTarly # Daenerys # AryaStark # BranStark # bran # HBOGOLA # HBOLAT # JuegodeTronos # GoTFinalSeason # sansastark,Neg,-0.4,0.4,que fue lo peor del primer capítulo de la 8va temporada game of throne gameofthrones gameofthronesseason8 forthethrone gameofthornes got gots8 jonsnow samwelltarly daenerys aryastark branstark bran hbogola hbolat juegodetronos gotfinalseason sansastark
¿Que fue lo mejor del primer capítulo de la 8va temporada Game of Thrones? # GameofThrones # GameofThronesSeason8 # ForTheThrone # GameOfThornes # got # GoTS8 # JonSnow # SamwellTarly # Daenerys # AryaStark # BranStark # bran # HBOGOLA # HBOLAT # JuegodeTronos # GoTFinalSeason # sansastark,Neg,-0.4,0.4,que fue lo mejor del primer capítulo de la 8va temporada game of throne gameofthrones gameofthronesseason8 forthethrone gameofthornes got gots8 jonsnow samwelltarly daenerys aryastark branstark bran hbogola hbolat juegodetronos gotfinalseason sansastark
"Ce qui se passe dans la tête de Jaime  C'est foutu la team "" @ henni_mo # GameofThrones # GameofThronesSeason8 # GoTs8 # GoT # BranStark # JaimeLannisterpic.twitter.com/m5a6Bjk6Bi""",Neu,0.0,0.0,ce qui se passe dans la tête de jaime est foutu la team henni_mo gameofthrones gameofthronesseason8 gots8 got branstark jaimelannisterpic twitter com m5a6bjk6bi
¿Que te pareció el primer capítulo de la 8va temporada Game of Thrones? # GameofThrones # GameofThronesSeason8 # ForTheThrone # GameOfThornes # got # GoTS8 # JonSnow # SamwellTarly # Daenerys # AryaStark # BranStark # bran # HBOGOLA # HBOLAT # JuegodeTronos # GoTFinalSeason # sansastark # dragon,Neg,-0.4,0.4,que te pareció el primer capítulo de la 8va temporada game of throne gameofthrones gameofthronesseason8 forthethrone gameofthornes got gots8 jonsnow samwelltarly daenerys aryastark branstark bran hbogola hbolat juegodetronos gotfinalseason sansastark dragon
# GameOfThrones # GoT # GoTS8 # GameofThronesSeason8 # BranStark # JaimeLannister 1x01 8x01pic.twitter.com/y2VAGyhonu,Neu,0.0,0.0,gameofthrones got gots8 gameofthronesseason8 branstark jaimelannister 1x01 8x01pic twitter com y2vagyhonu
Quand Jaime et venu de toute bonne volonté jusqu'à croisé Bran # JaimeLannister # BranStark # GameofThrones # GameofThronesSeason8 # GoTS8 # GoT # GoT8pic.twitter.com/bBf4GeY6W6,Neu,0.0,0.0,quand jaime et venu de toute bonne volonté jusqu à croisé bran jaimelannister branstark gameofthrones gameofthronesseason8 gots8 got got8pic twitter com bbf4gey6w6
# GameofThrones # JonSNOW # DaenerysTARGARYEN # SansaSTARK # AryaSTARK # BranSTARK # CerseiLANNISTER # ReapersGaming # JaimeLANNISTER # TyrionLANNISTER # NightKing # GOT # GOTS8 # AegonTargaryen # TheonGreyjoy # ForTheThrone # EuronGreyjoy,Neu,0.0,0.0,gameofthrones jonsnow daenerystargaryen sansastark aryastark branstark cerseilannister reapersgaming jaimelannister tyrionlannister nightking got gots8 aegontargaryen theongreyjoy forthethrone eurongreyjoy
# GameofThrones # JonSNOW # DaenerysTARGARYEN # SansaSTARK # AryaSTARK # BranSTARK # CerseiLANNISTER # ReapersGaming # JaimeLANNISTER # TyrionLANNISTER # NightKing # GOT # GOTS8 # AegonTargaryen # TheonGreyjoy # ForTheThrone # EuronGreyjoy,Neu,0.0,0.0,gameofthrones jonsnow daenerystargaryen sansastark aryastark branstark cerseilannister reapersgaming jaimelannister tyrionlannister nightking got gots8 aegontargaryen theongreyjoy forthethrone eurongreyjoy
If it seems unbelievable that all the people on # gameofthrones wouldn’t immediately unite to fight a universal threat,Neg,-0.125,0.5,if it seems unbelievable that all the people on gameofthrones wouldn immediately unite to fight universal threat
Imágenes de # BranStark y # JaimeLannister en el siguiente episodio... # GameOfThrones # GameofThronesSeason8 # GOT # GoTS8 pic.twitter.com/2CLiiC6WwU,Neu,0.0,0.0,imágenes de branstark jaimelannister en el siguiente episodio gameofthrones gameofthronesseason8 got gots8 pic twitter com 2cliic6wwu
Na boa a Sansa tava chata pra caralho nesse episódio,Neu,0.0,0.0,na boa sansa tava chata pra caralho nesse episódio
En resumen!!! # ReapersGaming # GameofThrones # JonSNOW # DaenerysTARGARYEN # SansaSTARK # AryaSTARK # BranSTARK # CerseiLANNISTER # JaimeLANNISTER # TyrionLANNISTER # NightKing # GOT # GOTS8 # AegonTargaryen,Neu,0.0,0.0,en resumen reapersgaming gameofthrones jonsnow daenerystargaryen sansastark aryastark branstark cerseilannister jaimelannister tyrionlannister nightking got gots8 aegontargaryen
En resumen!!! # ReapersGaming # GameofThrones # JonSNOW # DaenerysTARGARYEN # SansaSTARK # AryaSTARK # BranSTARK # CerseiLANNISTER # JaimeLANNISTER # TyrionLANNISTER # NightKing # GOT # GOTS8 # AegonTargaryen,Neu,0.0,0.0,en resumen reapersgaming gameofthrones jonsnow daenerystargaryen sansastark aryastark branstark cerseilannister jaimelannister tyrionlannister nightking got gots8 aegontargaryen
"Everyone talking about how bran saw jamie and acting mad but yet bran called Jamie a friend."" # GameofThrones # bran # jamie # BranStark # JamieLannister # GoT # GoTS8""",Neg,-0.3125,0.5,everyone talking about how bran saw jamie and acting mad but yet bran called jamie friend gameofthrones bran jamie branstark jamielannister got gots8
That awkward moment when you see that “OLD FRIEND” # GameofThrones # BranStark # JaimeLannister # GOT # GoTS8 pic.twitter.com/nE89Z5zzeo,Neg,-0.25,0.6,that awkward moment when you see that old friend gameofthrones branstark jaimelannister got gots8 pic twitter com ne89z5zzeo
Muchos encuentros memorable durante el episodio 8x1 de Game of Thrones pero ninguno tan épico cómo el de Jaime y Bran ... definitivamente cumplió mis expectativas. # JaimeLannister # BranStark # GOT # ForTheThrone # GOTS8 # GameofThronesSeason8 # GameofThrones pic.twitter.com/absBFVIT3e,Pos,0.04999999999999999,0.7,muchos encuentros memorable durante el episodio 8x1 de game of throne pero ninguno tan épico cómo el de jaime bran definitivamente cumplió mi expectativas jaimelannister branstark got forthethrone gots8 gameofthronesseason8 gameofthrones pic twitter com absbfvit3e
# BranStark - veio trepar na torre de novo ? # JaimeLannister - claro... escala la pra assistir de novo,Neu,0.0,0.0,branstark veio trepar na torre de novo jaimelannister claro escala la pra assistir de novo
En el próximo capítulo de Game of Thrones... # GameofThrones # Got # GameofThronesSeason8 # GoTS8 # HboGo # GOT8 # JaimeLannister # BranStark pic.twitter.com/NIwn9vxDmO,Neg,-0.4,0.4,en el próximo capítulo de game of throne gameofthrones got gameofthronesseason8 gots8 hbogo got8 jaimelannister branstark pic twitter com niwn9vxdmo
"ESTOY ESPERANDO A UN VIEJO AMIGO"" # GOT # GameofThrones # GoTS8 # BranStark (Insuperable) pic.twitter.com/qaH3fxOzQ4""",Neu,0.0,0.0,estoy esperando un viejo amigo got gameofthrones gots8 branstark insuperable pic twitter com qah3fxozq4
Me waiting for next week episode be like # GOT # GoTS8 # GameOfThrones # ForTheThrones # BranStark # AryaStark # JonSnowpic.twitter.com/dXyIzcSt9U,Neu,0.0,0.0,me waiting for next week episode be like got gots8 gameofthrones forthethrones branstark aryastark jonsnowpic twitter com dxyizcst9u
# GameofThrones # ForTheThrone # GOT # GoTS8 # DaenerysTargaryen # Daenerys # JonSnow # SansaStark # Sansa # AryaStark # BranStark # TyrionLannister # Tyrion # CerseiLannister # Cersei # BrienneofTarth # Brienne # DavosSeaworth # NightKing,Neu,0.0,0.0,gameofthrones forthethrone got gots8 daenerystargaryen daenerys jonsnow sansastark sansa aryastark branstark tyrionlannister tyrion cerseilannister cersei brienneoftarth brienne davosseaworth nightking
Bran: I had been looking for an old friend. Omg this scene hotstar *Awkward* # GameofThrones # ForTheThrone # JaimeLannister # BranStark @ GameOfThrones # GOT # GoTS8 pic.twitter.com/rqzh7Bmavc,Neg,-0.25,0.6,bran had been looking for an old friend omg this scene hotstar awkward gameofthrones forthethrone jaimelannister branstark gameofthrones got gots8 pic twitter com rqzh7bmavc
So far in 7 seasons of # GameofThrones,Pos,0.1,1.0,so far in 7 season of gameofthrones
Quand t’arrives comme ça devant chez le mec qui t’a spoilé # GameOfThrones # GameofThronesSeason8 # GOT # GoTS8 # Cersei # winterfell # Daenerys # AryaStark # BranStark pic.twitter.com/dOQdw6KQ52,Neu,0.0,0.0,quand arrives comme ça devant chez le mec qui a spoilé gameofthrones gameofthronesseason8 got gots8 cersei winterfell daenerys aryastark branstark pic twitter com doqdw6kq52
Empiezo a creer que # BranStark duerme en el patio... ... # GameofThrones # GOT # GoTS8,Neu,0.0,0.0,empiezo creer que branstark duerme en el patio gameofthrones got gots8
"Por que está aqui fora?"" ""Estou esperando por um velho amigo..."" # GameofThronesSeason8 # GameofThrones # GoTS8 # GOT # BranStark # JaimeLannisterpic.twitter.com/sktMaoWHam""",Neu,0.0,0.0,por que está aqui forum estou esperando por um velho amigo gameofthronesseason8 gameofthrones gots8 got branstark jaimelannisterpic twitter com sktmaowham
โง้ยยยแท็กโซคิ้วทึมากๆๆๆๆ # GameofThrones # GOT # GoTS8 # JonSnow # DaenerysTargaryen # AryaStark # SansaStark # BranStark # TyrionLannister # TheonGreyjoy # SamwellTarly # CerseiLannister # JaimeLannister # JorahMormontpic.twitter.com/mwjjMDVMGM,Neu,0.0,0.0,โง ยยยแท กโซค วท มากๆๆๆๆ gameofthrones got gots8 jonsnow daenerystargaryen aryastark sansastark branstark tyrionlannister theongreyjoy samwelltarly cerseilannister jaimelannister jorahmormontpic twitter com mwjjmdvmgm
THAT ENDING THOOOOOOOO!!! # JaimeLannister back to # winterfell where it all began and meeting # BranStark as soon as he gets there.. Poetic justice anyone? # GoT # GoTS8 # GameofThrones pic.twitter.com/AGGEc6ztnN,Pos,0.1875,0.375,that ending thoooooooo jaimelannister back to winterfell where it all began and meeting branstark a soon a he get there poetic justice anyone got gots8 gameofthrones pic twitter com aggec6ztnn
Gente,Neu,0.0,0.0,gente
Bran to Jamie: Yeah handless,Neu,0.0,0.0,bran to jamie yeah handle
HELP! # GameofThrones # GoTS8 # GOT # JonSnow # SansaStark # aryastark # BranStark # Daeneryspic.twitter.com/JKZ3mHShrI,Neu,0.0,0.0,help gameofthrones gots8 got jonsnow sansastark aryastark branstark daeneryspic twitter com jkz3mhshri
Quando vedo # BranStark apparire dal nulla con lo sguardo da stalker pazzoide # got # GameOfThrones # GoTS8 # GOT8pic.twitter.com/d8hh5Ba0Gt,Neu,0.0,0.0,quando vedo branstark apparire dal nulla con lo sguardo da stalker pazzoide got gameofthrones gots8 got8pic twitter com d8hh5ba0gt
Ohhh # JonSnow ya sabe quien es!! y la cara de # JaimeLannister al ver a # BranStark OMG!! # GameOfThrones # GoTS8 # GoT # WinterIsHere # ForTheThrone @ GameOfThrones WINTER IS HERE,Neu,0.0,0.0,ohhh jonsnow ya sabe quien e la cara de jaimelannister al ver branstark omg gameofthrones gots8 got winterishere forthethrone gameofthrones winter is here
# BranStark like remember the 1st episode # JaimeLannister . Welcome to # winterfell bitch # GOT # GameofThrones # GoTS8 # GOT8 # GameofThronesSeason8pic.twitter.com/AD8Kdx2wLg,Pos,0.8,0.9,branstark like remember the 1st episode jaimelannister welcome to winterfell bitch got gameofthrones gots8 got8 gameofthronesseason8pic twitter com ad8kdx2wlg
Uai!! E termina assim,Neu,0.0,0.0,uai termina assim
# JamieLannister has aged 1000 years and just saw the ghost of his past,Neg,-0.175,0.325,jamielannister ha aged 1000 year and just saw the ghost of his past
Bran just gives off very rapey vibes. # GameOfThrones # GOT # GameOfThronesSeason8 # ThronesYall # DemThrones # GoTS8 # GOT8 # BranStark,Pos,0.2,0.3,bran just give off very rapey vibe gameofthrones got gameofthronesseason8 thronesyall demthrones gots8 got8 branstark
Bran be on that creep shit. # GameOfThrones # GOT # GameOfThronesSeason8 # ThronesYall # DemThrones # GoTS8 # GOT8 # BranStark,Neg,-0.2,0.8,bran be on that creep shit gameofthrones got gameofthronesseason8 thronesyall demthrones gots8 got8 branstark
. . ..Winter is Here.. . . Yasss. # AryaStark # TyrionLannister # JonSnow # DaenerysTargaryen # BranStark # BrienneOfTarth # SamwellTarly # SansaStark # TeamStargaryen # GameofThrones # GoT # GOT8 # GoTS8 # GameofThronesSeason8 # GoTseason8,Neu,0.0,0.0,winter is here yasss aryastark tyrionlannister jonsnow daenerystargaryen branstark brienneoftarth samwelltarly sansastark teamstargaryen gameofthrones got got8 gots8 gameofthronesseason8 gotseason8
Reencontro entre Starks # BranStark # JonSnow # ForTheThrone # GoTS8 # GoT # GameofThrones pic.twitter.com/J5rmiRTXDi,Neu,0.0,0.0,reencontro entre starks branstark jonsnow forthethrone gots8 got gameofthrones pic twitter com j5rmirtxdi
la puta madre # JonSnow & # BranStark # GameofThrones # ForTheThrone # got # GoTS8,Neu,0.0,0.0,la puta madre jonsnow branstark gameofthrones forthethrone got gots8
Time for # GameOfThrones! In the end,Neu,0.0,0.0,time for gameofthrones in the end
I am ready! # GameofThrones # GoTS8 # GOT # JonSnow # SansaStark # AryaStark # BranStark # Daenerys # ForTheThrone pic.twitter.com/4EOCH7BqJ1,Pos,0.25,0.5,i am ready gameofthrones gots8 got jonsnow sansastark aryastark branstark daenerys forthethrone pic twitter com 4eoch7bqj1
Los HT de hoy: # GameofThrones # ForTheThrone # PorElTrono # JonSnow # DaenerysTargaryen # TyrionLannister # CerseiLannister # JaimeLannister # AryaStark # SansaStark # BranStark # NightKing # GoTS8 # GoT # WinterIsHere,Neu,0.0,0.0,los ht de hoy gameofthrones forthethrone poreltrono jonsnow daenerystargaryen tyrionlannister cerseilannister jaimelannister aryastark sansastark branstark nightking gots8 got winterishere
Qué asco los que ponen Juego de tronos y un montón de hashtags sólo buscando fama # GameOfThrones # JuegoDeTronos # GameOfThronesSeason8 # GOT # GoTS8 # JuegoDeTronosEnVodafone # jdt # JonSnow # Daenerys # BranStark # chamichetaspic.twitter.com/RiltLffnKJ,Neu,0.0,0.0,qué asco los que ponen juego de tronos un montón de hashtags sólo buscando fama gameofthrones juegodetronos gameofthronesseason8 got gots8 juegodetronosenvodafone jdt jonsnow daenerys branstark chamichetaspic twitter com riltlffnkj
Les estoy explotando el tw de Game Of Thrones? Se joda cb espere 2 años # GOT # GoTS8 # GameOfThrones # ForTheThrone # DaenerysTargaryen # JonSnow # AryaStark # SansaStark # BranStark # Tyrion # CerseiLannister # JaimeLannister # BrienneOfTarth # TheonGreyjoy # TheHound # Jorah,Neg,-0.4,0.4,le estoy explotando el tw de game of throne se joda cb espere 2 años got gots8 gameofthrones forthethrone daenerystargaryen jonsnow aryastark sansastark branstark tyrion cerseilannister jaimelannister brienneoftarth theongreyjoy thehound jorah
# motherofdragons # daenerystargaryen # melisandre # jonsnow # aryastark # sansastark # branstark # samtarly # TyrionLannister # CerseiLannister # JaimeLannister # varys # got # GoTS8 # GameofThrones,Neu,0.0,0.0,motherofdragons daenerystargaryen melisandre jonsnow aryastark sansastark branstark samtarly tyrionlannister cerseilannister jaimelannister varys got gots8 gameofthrones
THE. WAITING. IS. REAL. IN. LESS. THAN. THREE. HOURS. IM. SO. NOT. READY. KDIDOFID9EOFIFJFIDOEROEIIF. # GameofThrones # GoT # gots8 # DONTTOUCHMYSTARKS # ANDTGEIMPASWELL # PLUSDEANERYSCOZMARELOVESHER # KILLCERSEIONCEANDFORALL # ForTheThrone # AryaStark # Sansa # JonSnow # BranStark pic.twitter.com/vL33XjMyKj,Neg,-0.175,0.3,the waiting is real in le than three hour im so not ready kdidofid9eofifjfidoeroeiif gameofthrones got gots8 donttouchmystarks andtgeimpaswell plusdeaneryscozmarelovesher killcerseionceandforall forthethrone aryastark sansa jonsnow branstark pic twitter com vl33xjmykj
Who’s next? # DaenerysTargaryen # JonSnow # CerseiLannister # AryaStark # JaimeLannister # TyrionLannister # SansaStark # BranStark # TheHound @ GameOfThrones # GOT # GOTS8 # GOT8 # GOTfinalseason # GameOfThrones # Endgame # Forthethrone # poreltorno # winteriscoming # GameofThronesSeason8pic.twitter.com/AgwNQUQhag,Neu,0.0,0.0,who next daenerystargaryen jonsnow cerseilannister aryastark jaimelannister tyrionlannister sansastark branstark thehound gameofthrones got gots8 got8 gotfinalseason gameofthrones endgame forthethrone poreltorno winteriscoming gameofthronesseason8pic twitter com agwnquqhag
..... que no termine!!!!!! # GameofThrones # GOT # GoTS8 # HouseStark # WinterIsHere # JonSnow # Sansa # AryaStark # BranStark https://twitter.com/RottenTomatoes/status/1117400106410610693 …,Neu,0.0,0.0,que no termine gameofthrones got gots8 housestark winterishere jonsnow sansa aryastark branstark http twitter com rottentomatoes status 1117400106410610693
last but not least before I dash off,Pos,0.075,0.23333333333333334,last but not least before dash off
 Kneel,Neu,0.0,0.0,kneel
I found all emoji hashtags of Game of Thrones S8 : # GameofThrones # ForTheThrone # GOT # GoTS8 》 # JonSnow # DaenerysTargaryen # Daenerys # SansaStark # Sansa # AryaStark # BranStark # TyrionLannister # Tyrion # CerseiLannister # Cersei # NightKing # Brienneoftarth # Brienne # DavosSeaworth,Neg,-0.4,0.4,i found all emoji hashtags of game of throne s8 gameofthrones forthethrone got gots8 jonsnow daenerystargaryen daenerys sansastark sansa aryastark branstark tyrionlannister tyrion cerseilannister cersei nightking brienneoftarth brienne davosseaworth
@ IPL cricketers and their Game of Thrones Equivalents # GameOfThrones # GoT # GoTS8 # ForTheThrone # GameofThronesSeason8 # thefinalseason # DaenerysTargaryen # JonSnow # AryaStark # TyrionLannister # SansaStark # BranStark # TheHound # CerseiLannister https://www.cricadium.com/ipl-cricketers-and-their-game-of-thrones-characters-equivalents/ …,Neg,-0.4,0.4,ipl cricketer and their game of throne equivalent gameofthrones got gots8 forthethrone gameofthronesseason8 thefinalseason daenerystargaryen jonsnow aryastark tyrionlannister sansastark branstark thehound cerseilannister http www cricadium com ipl cricketer and their game of throne character equivalent
# GoTS8 # GoT # GameOfThrones # ForTheThrone # BranStark # ThreeEyedRavenpic.twitter.com/DySMXBoqir,Neu,0.0,0.0,gots8 got gameofthrones forthethrone branstark threeeyedravenpic twitter com dysmxboqir
# aryastark # khaleesi # jonsnow # cersei # nightking # sansa # tyrion # brienne # branstark # GOT # gots8 # GameofThrones,Neu,0.0,0.0,aryastark khaleesi jonsnow cersei nightking sansa tyrion brienne branstark got gots8 gameofthrones
FINALMENTE HOJE!!! Via: GOT da depressão # Series # MaratonaDeSeries # ViciadosEmSeries # GoTS8 # DominGot # GameOfThrones # GOT # ForTheThrone # WinterIsHere # DaenerysTargaryen # IronThrone # JonSnow # NightKing # SansaStark # AryaStark # BranStark # CerseiLannisterpic.twitter.com/xYobnmoMOG,Neu,0.0,0.0,finalmente hoje via got da depressão series maratonadeseries viciadosemseries gots8 domingot gameofthrones got forthethrone winterishere daenerystargaryen ironthrone jonsnow nightking sansastark aryastark branstark cerseilannisterpic twitter com xyobnmomog
# JonSnow # DaenerysTargaryen # AryaStark # SansaStark # BranStark # TyrionLannister # CerseiLannister # JaimeLannister # JorahMormont # SamwellTarly # NightKing # WhiteWalkers # ForTheThrone # GameofThrones # GOT # GoTS8,Neu,0.0,0.0,jonsnow daenerystargaryen aryastark sansastark branstark tyrionlannister cerseilannister jaimelannister jorahmormont samwelltarly nightking whitewalkers forthethrone gameofthrones got gots8
The time has come. # GameofThrones # GoTS8 # ForTheThrone # DaenerysTargaryen # MotherOfDragons # Drogon # Rhaegal # AryaStark # AGirlIsNoOne # JorahMormont # SansaStark # TyrionLannister # SamwellTarly # BrienneOfTarth # Missandei # BranStark # DavosSeaworth # Podrick # Ghost # Nymeria # GoT,Neu,0.0,0.0,the time ha come gameofthrones gots8 forthethrone daenerystargaryen motherofdragons drogon rhaegal aryastark agirlisnoone jorahmormont sansastark tyrionlannister samwelltarly brienneoftarth missandei branstark davosseaworth podrick ghost nymeria got
¡¡¡EEESSS HHHOOOYYY!!! # AryaStark # Daenerys # Tyrion # JonSnow # Cersei # Sansa # BranStark # Theon # Varys # Missandei # TheHound # Greyworm # SerDavos # GameofThrones # GoTS8 # GOT # ForTheThronepic.twitter.com/QoOXszIxwh,Neu,0.0,0.0,eeesss hhhoooyyy aryastark daenerys tyrion jonsnow cersei sansa branstark theon varys missandei thehound greyworm serdavos gameofthrones gots8 got forthethronepic twitter com qooxszixwh
HOJE TEM GAME OF THRONES PORRAAAAAAAAAAAAN # GameOfThrones # GoTS8 # GoT # JonSnow # Tyrion # Cersei # Daenerys # Sansa # WhiteWalkers # Brienne # BranStark,Neg,-0.4,0.4,hoje tem game of throne porraaaaaaaaaaaan gameofthrones gots8 got jonsnow tyrion cersei daenerys sansa whitewalkers brienne branstark
Me after seeing game of thrones season 8 and realizing there won't be a season 9 # GOT # April14 # GameofThrones # GameofThronesSeason8 # JonSnow # Khaleesi # Cersei # Sansa # AryaStark # Tyrion # JorahMormont # BranStark # HouseStark # DavosSeaworth # TheonGreyjoy # GoTS8 pic.twitter.com/HBLUWUOxt5,Neg,-0.4,0.4,me after seeing game of throne season 8 and realizing there won be season 9 got april14 gameofthrones gameofthronesseason8 jonsnow khaleesi cersei sansa aryastark tyrion jorahmormont branstark housestark davosseaworth theongreyjoy gots8 pic twitter com hbluwuoxt5
Who Seats At The Iron Throne At The End Of # GameOfThrones - Odds # BranStark - 3 # JonSnow - 3.8 # DaenerysTargaryen - 5.5 # SansaStark - 7 # NightKing - 10 # AryaStark - 19 # CerseiLannister 23 Bet Here http://bit.ly/winsgot # GOT # GOTS8 # AccessBET # HBOpic.twitter.com/0ZSZ4tW6jt,Neu,0.0,0.0,who seat at the iron throne at the end of gameofthrones odds branstark 3 jonsnow 3 8 daenerystargaryen 5 5 sansastark 7 nightking 10 aryastark 19 cerseilannister 23 bet here http bit ly winsgot got gots8 accessbet hbopic twitter com 0zsz4tw6jt
Don't mind me. Just want to do this. # GoTs8 # GoT # AryaStark # SansaStark # Daenerys # DaenerysTargaryen # JonSnow # Cersei # CerseiLannister # JaimeLannister # Tyrion # TyrionLannister # WhiteWalkers # NightKing # GameofThrones # BranStark # Brienne # BrienneOfTarth # Theon # TheonGreyjoy,Neu,0.0,0.0,don mind me just want to do this gots8 got aryastark sansastark daenerys daenerystargaryen jonsnow cersei cerseilannister jaimelannister tyrion tyrionlannister whitewalkers nightking gameofthrones branstark brienne brienneoftarth theon theongreyjoy
http://bit.ly/2G3nKhP GAME OF THRONES SEASON 8 PREDICTIONS! # gameofthrones # gots8 # got # forthethrone # Daenerys # jonsnow # sansastark # tyrionlannister # thenightking # CerseiLannister # aryastark # branstark # serjorah # samwelltarly # serdavos # euron # theon # missandei # greywormpic.twitter.com/EVRXnohhhR,Neg,-0.5,0.4,http bit ly 2g3nkhp game of throne season 8 prediction gameofthrones gots8 got forthethrone daenerys jonsnow sansastark tyrionlannister thenightking cerseilannister aryastark branstark serjorah samwelltarly serdavos euron theon missandei greywormpic twitter com evrxnohhhr
# GameOfThrones # LooseEnds: Can Bran Change the Past? https://www.theringer.com/tv/2019/4/10/18303755/game-of-thrones-loose-ends-bran-stark-change-past?utm_campaign=theringer&utm_content=entry&utm_medium=social&utm_source=twitter … via @ ringer # BranStark # ChangeThePast # News # TV # HBO # GoT # GoTS8 # GameOfThronesLooseEnds # GameOfThronesSeason8 # Season8,Neg,-0.25,0.25,gameofthrones looseends can bran change the past http www theringer com tv 2019 4 10 18303755 game of throne loose end bran stark change past utm_campaign theringer utm_content entry utm_medium social utm_source twitter via ringer branstark changethepast news tv hbo got gots8 gameofthroneslooseends gameofthronesseason8 season8
# GameofThrones # GoTS8 # gameofthronesseason8 # gameofthronessaison8 # forthethrone # whitewalkers # aryastark # BrienneOfTarth # BranStark # TheHound # DaenerysTargaryen # aegontargaryen # jonsnow #targaryen#gameofthronesfinal # songoficeandfire # GameofThrones8 # gotseason8 # gots8final # got pic.twitter.com/lZlqSI9x4q,Neu,0.0,0.0,gameofthrones gots8 gameofthronesseason8 gameofthronessaison8 forthethrone whitewalkers aryastark brienneoftarth branstark thehound daenerystargaryen aegontargaryen jonsnow targaryen gameofthronesfinal songoficeandfire gameofthrones8 gotseason8 gots8final got pic twitter com lzlqsi9x4q
# GameofThrones # GoTS8 # GOT # GoTPremiereNYC Cast # RedCarpet Premiere # Gots # Video # Premiere # TV # TVShows # BranStark # SansaStark # Sansa # DavosSeaworth # Hodor # Missandei # Melisandre # Bronn # SophieTurner # NathalieEmmanuelpic.twitter.com/1Vx5SAhTqI,Neu,0.0,0.0,gameofthrones gots8 got gotpremierenyc cast redcarpet premiere gots video premiere tv tvshows branstark sansastark sansa davosseaworth hodor missandei melisandre bronn sophieturner nathalieemmanuelpic twitter com 1vx5sahtqi
# QuestForTheThrone has come up dry in # NiagaraFalls but I'm still a # starkbannerfolk # truenorthstrongandfree # GameOfThrones # GOT # GOTS8 # ForTheThrone # thepacksurvives # JonSnow # AryaStark # SansaStark # BranStark # NightKing # hashtagsfordayspic.twitter.com/41w8S7fn7D,Neg,-0.06666666666666665,0.6,questforthethrone ha come up dry in niagarafalls but m still starkbannerfolk truenorthstrongandfree gameofthrones got gots8 forthethrone thepacksurvives jonsnow aryastark sansastark branstark nightking hashtagsfordayspic twitter com 41w8s7fn7d
# BranStark . No doubt in this. Wait wait............ WTF! # AvegersEndGame. I am predicting both # CaptainAmerica & # TonyStark gonna die in the # ENDGAME. # GameofThrones # GOT # GoTS8 # FortheThrone # HBO # Marvel,Neg,-0.625,1.0,branstark no doubt in this wait wait wtf avegersendgame am predicting both captainamerica tonystark gonna die in the endgame gameofthrones got gots8 forthethrone hbo marvel
Cripples,Neu,0.0,0.0,cripple
# KingInTheNorth # AryaStark # SansaStark # BranStark # CerseiLannister # TyrionLannister # Khaleesi # DaenerysTargaryen # motherofdragons # ForTheThrone # GOT # GameOfThrones # GoTS8 https://twitter.com/GameOfThrones/status/1102962107203682304 …,Neu,0.0,0.0,kinginthenorth aryastark sansastark branstark cerseilannister tyrionlannister khaleesi daenerystargaryen motherofdragons forthethrone got gameofthrones gots8 http twitter com gameofthrones status 1102962107203682304
"“Everything you did brought you where you are now. Where you belong # BranStark # GameofThrones # Got # GoTS8 # JonSnow # AryaStark # SansaStark""",Neu,0.0,0.0,everything you did brought you where you are now where you belong branstark gameofthrones got gots8 jonsnow aryastark sansastark
# JaimeLannister # TyrionLannister # SansaStark # BranStark # PorElTrono # ForTheThrone # got # GoTS8 # GameOfThrones # FelizFindepic.twitter.com/Nu1A3NuMvZ,Neu,0.0,0.0,jaimelannister tyrionlannister sansastark branstark poreltrono forthethrone got gots8 gameofthrones felizfindepic twitter com nu1a3numvz
While you wait for the trailer check out this!!!! https://www.youtube.com/watch?v=tsDeh8xCbnk … Because winter is coming and we must protect ourselves! # GOT # GoTS8 # GameOfThrones # TheStarks # JonSnow # BranStark # SansaStark # AryaStark # WinterIsComing # WinterIsHere,Neu,0.0,0.0,while you wait for the trailer check out this http www youtube com watch tsdeh8xcbnk because winter is coming and we must protect ourselves got gots8 gameofthrones thestarks jonsnow branstark sansastark aryastark winteriscoming winterishere
Watch this!!!!!!!!!!!!! !!!!! https://www.youtube.com/watch?v=tsDeh8xCbnk … !!!!! # GOT # GameOfThrones # HouseStark # TheStarks # Stark # JonSnow # SansaStark # AryaStark # BranStark # HBO # ZackHemsey # GoTS8 # cersei # valarmoghulis # WinterIsComing # WinterIsHere # VideoEdit # CreativeVideo # Film # TVSeries,Neg,-0.2,0.6,watch this http www youtube com watch tsdeh8xcbnk got gameofthrones housestark thestarks stark jonsnow sansastark aryastark branstark hbo zackhemsey gots8 cersei valarmoghulis winteriscoming winterishere videoedit creativevideo film tvseries
