username,date,retweets,favorites,text,geo,mentions,hashtags,id,permalink
,30-04-2019 09:57,2,1,# GameofThrones # GOT # GOTS8 # SansaStark # BranStark # AryaStark # TheonGreyjoy # AegonTargaryen # DaenerysTargaryen # JaimeLannister # CerseiLannister # TyrionLannister # SandorClegane # SamwellTarly # Brienne # JorahMormont # Melisandre # Varys # Missandei # GreyWorm # DavosSeaworth # EuronGreyjoy,,,# # # # # # # # # # # # # # # # # # # # # #,1.12322E+18,https://twitter.com/TETE_GGG/status/1123224914226491393
,29-04-2019 01:22,0,1,# NotToday # GameofThrones # GOT # GOTS8 # AryaStark # NightKing # Brienne # JaimeLannister # Sansa # JonSnow # DaenerysTargaryen # JorahMormont # Jorah # Theon # TheonGreyjoy # Khaleesi # CerseiLannister # Melisandre # RedWoman,,,# # # # # # # # # # # # # # # # # # #,1.12273E+18,https://twitter.com/patatadesillon/status/1122732786433921024
,29-04-2019 00:54,0,1,# AryaStark # BranStark # JonSnow # Daenerys # Brienne # Sansa # Jorah # Clegane # Tyrion # JaimeLannister # Melisandre # Whitewalkers # GOT # GOTS8 # GameOfThrones # Cersei # SamwellTarlypic.twitter.com/6UvP9pL0Pk,,,# # # # # # # # # # # # # # # # #,1.12273E+18,https://twitter.com/arocse/status/1122725729316241408
,28-04-2019 23:27,0,9,# AryaStark # BranStark # JonSnow # Daenerys # Brienne # Sansa # Jorah # Clegane # Tyrion # JaimeLannister # Melisandre # Whitewalkers # GOT # GOTS8 # GameOfThrones # Cersei # SamwellTarly AGREGUEN NOMAS CON CONFIANZA! RTpic.twitter.com/I4bc3nC7W3,,,# # # # # # # # # # # # # # # # #,1.1227E+18,https://twitter.com/Pablo_Fu/status/1122703837415059457
,28-04-2019 22:59,0,0,# JaimeLannister nada que decir viejo... bien por ser un caballero de honor!!! # ReapersGaming # GameOfThrones # GOT # GoTS8 # HBO,,,# # # # # #,1.1227E+18,https://twitter.com/ElMagoVeigar/status/1122696867131854848
,28-04-2019 22:26,0,3,ME RN AFTER THAT EPISODE. # Jon going after the # NightKing⁠ ⁠ got me like # BattleForWinterfell # BattleOfWinterfell # got⁠ ⁠ # GameOfThrones⁠ ⁠ # GoTS8⁠ ⁠ # SundayThoughts # BranStark⁠ ⁠ # JaimeLannister⁠ ⁠ # aegontargaryen⁠ ⁠ # DaenerysTargaryen⁠ ⁠ # gots8e3 # JonSnow⁠ ⁠pic.twitter.com/OSW9NkrqrV,,,# # # # # # # # # # # # # #,1.12269E+18,https://twitter.com/AylaDiktas/status/1122688498073391104
,28-04-2019 22:24,1,3,This episode has me like: # BattleForWinterfell # BattleOfWinterfell # got⁠ ⁠ # GameOfThrones⁠ ⁠ # GoTS8⁠ ⁠ # SundayThoughts # BranStark⁠ ⁠ # JaimeLannister⁠ ⁠ # aegontargaryen⁠ ⁠ # DaenerysTargaryen⁠ ⁠ # gots8e3 # JonSnow⁠ ⁠ # SansaStark⁠ ⁠ # TyrionLannister⁠ ⁠ # aryapic.twitter.com/sFgZb0NYHn,,,# # # # # # # # # # # # # # #,1.12269E+18,https://twitter.com/AylaDiktas/status/1122687969096114177
,28-04-2019 22:21,0,2,Omfg # JORAH!!! # Jon going after the # NightKing⁠ ⁠ got me like # BattleForWinterfell # BattleOfWinterfell # got⁠ ⁠ # GameOfThrones⁠ ⁠ # GoTS8⁠ ⁠ # SundayThoughts # BranStark⁠ ⁠ # JaimeLannister⁠ ⁠ # aegontargaryen⁠ ⁠ # DaenerysTargaryen⁠ ⁠ # gots8e3 # JonSnow⁠ ⁠pic.twitter.com/pkBHMe6M73,,,# # # # # # # # # # # # # # #,1.12269E+18,https://twitter.com/AylaDiktas/status/1122687295046336512
,28-04-2019 22:17,0,0,No!!! # theon # BattleForWinterfell # BattleOfWinterfell # got⁠ ⁠ # GameOfThrones⁠ ⁠ # GoTS8⁠ ⁠ # SundayThoughts # BranStark⁠ ⁠ # JaimeLannister⁠ ⁠ # aegontargaryen⁠ ⁠ # DaenerysTargaryen⁠ ⁠ # gots8e3 # JonSnow⁠ ⁠ # SansaStark⁠ ⁠ # TyrionLannister⁠ ⁠pic.twitter.com/TwkK8UeqjL,,,# # # # # # # # # # # # # # #,1.12269E+18,https://twitter.com/AylaDiktas/status/1122686304192323584
,28-04-2019 22:01,2,5,# Jon going after the # NightKing got me like # BattleForWinterfell # BattleOfWinterfell # got # GameOfThrones # GoTS8 # SundayThoughts # BranStark # JaimeLannister # aegontargaryen # DaenerysTargaryen # gots8e3 # JonSnow # SansaStark # TyrionLannisterpic.twitter.com/uYLRqdko5m,,,# # # # # # # # # # # # # # # #,1.12268E+18,https://twitter.com/AylaDiktas/status/1122682401728020481
,28-04-2019 21:45,0,1,# RIP Leanna! # BattleForWinterfell # BattleOfWinterfell # got # GameOfThrones # GoTS8 # SundayThoughts # BranStark # JaimeLannister # aegontargaryen # DaenerysTargaryen # gots8e3 # JonSnow # SansaStark # TyrionLannister,,,# # # # # # # # # # # # # # #,1.12268E+18,https://twitter.com/AylaDiktas/status/1122678362248376320
,28-04-2019 21:37,0,0,WTF - a bridge?! # BattleForWinterfell # BattleOfWinterfell # got # GameOfThrones # GoTS8 # SundayThoughts # BranStark # JaimeLannister # aegontargaryen # DaenerysTargaryen # gots8e3 # JonSnow # SansaStark # TyrionLannisterpic.twitter.com/vMjxxwxT7i,,,# # # # # # # # # # # # # #,1.12268E+18,https://twitter.com/AylaDiktas/status/1122676293382721544
,28-04-2019 21:31,0,1,Blow em up # MELISANDRE !! # BattleForWinterfell # BattleOfWinterfell # got # GameOfThrones # GoTS8 # SundayThoughts # BranStark # JaimeLannister # aegontargaryen # DaenerysTargaryen # gots8e3 # JonSnow # SansaStark # TyrionLannister,,,# # # # # # # # # # # # # # #,1.12267E+18,https://twitter.com/AylaDiktas/status/1122674718069248001
,28-04-2019 21:18,2,6,Wth is happening # BattleForWinterfell # BattleOfWinterfell # got # GameOfThrones # GoTS8 # SundayThoughts # BranStark # JaimeLannister # aegontargaryen # DaenerysTargaryen # gots8e3 # JonSnow # SansaStark # TyrionLannisterpic.twitter.com/Fs4nRKaNZe,,,# # # # # # # # # # # # # #,1.12267E+18,https://twitter.com/AylaDiktas/status/1122671422256496641
,28-04-2019 21:16,0,1,OMFG # JORAH WHERE ARE YOU! And # GHOST?! # BattleForWinterfell # BattleOfWinterfell # got # GameOfThrones # GoTS8 # SundayThoughts # BranStark # JaimeLannister # aegontargaryen # DaenerysTargaryen # gots8e3 # JonSnow # SansaStark # TyrionLannisterpic.twitter.com/K8kJOq1CM7,,,# # # # # # # # # # # # # # # #,1.12267E+18,https://twitter.com/AylaDiktas/status/1122670904729726976
,28-04-2019 21:15,0,0,GHOST!!!! # BattleForWinterfell # BattleOfWinterfell # got # GameOfThrones # GoTS8 # SundayThoughts # BranStark # JaimeLannister # aegontargaryen # DaenerysTargaryen # gots8e3 # JonSnow # SansaStark # TyrionLannister,,,# # # # # # # # # # # # # #,1.12267E+18,https://twitter.com/AylaDiktas/status/1122670701171789824
,28-04-2019 21:12,1,2,Wtf # Melisandre !!! # BattleForWinterfell # BattleOfWinterfell # got # GameOfThrones # GoTS8 # SundayThoughts # BranStark # JaimeLannister # aegontargaryen # DaenerysTargaryen # gots8e3 # JonSnow # SansaStark # TyrionLannisterpic.twitter.com/S6j0iue7lM,,,# # # # # # # # # # # # # # #,1.12267E+18,https://twitter.com/AylaDiktas/status/1122669848192897024
,28-04-2019 21:09,0,0,Who’s about to die? # BattleForWinterfell # BattleOfWinterfell # got # GameOfThrones # GoTS8 # SundayThoughts # BranStark # JaimeLannister # aegontargaryen # DaenerysTargaryen # gots8e3 # JonSnow # SansaStark # TyrionLannister,,,# # # # # # # # # # # # # #,1.12267E+18,https://twitter.com/AylaDiktas/status/1122669082631790593
,28-04-2019 21:05,1,6,Samwell in that first scene is exactly how I’m feeling rn. # BattleForWinterfell # BattleOfWinterfell # got # GameOfThrones # GoTS8 # SundayThoughts # BranStark # JaimeLannister # aegontargaryen # DaenerysTargaryen # gots8e3 # JonSnow # SansaStark # TyrionLannister,,,# # # # # # # # # # # # # #,1.12267E+18,https://twitter.com/AylaDiktas/status/1122668148069548032
,28-04-2019 21:03,0,1,Are y’all ready for # GOT?! # BattleOfWinterfell # BattleOfWinterfell # got # GameOfThrones # GoTS8 # SundayThoughts # BranStark # JaimeLannister # aegontargaryen # DaenerysTargaryen # gots8e3 # JonSnow # SansaStark # TyrionLannisterpic.twitter.com/1IA8PlgAqU,,,# # # # # # # # # # # # # # #,1.12267E+18,https://twitter.com/AylaDiktas/status/1122667604592644097
,28-04-2019 21:00,0,0,How I feel before the # BattleOfWinterfell # got # GameOfThrones # GoTS8 # SundayThoughts # BranStark # JaimeLannister # aegontargaryen # DaenerysTargaryen # gots8e3 # JonSnowpic.twitter.com/xA9Uzk4WN2,,,# # # # # # # # # # #,1.12267E+18,https://twitter.com/AylaDiktas/status/1122667043520516097
,28-04-2019 20:59,0,0,¿Quién morirá y quién se salvará? @ GameOfThrones # GameOfThrones # ForTheThrone # BattleOfWinterfell # TyrionLannister # JonSnow # DaenerysTargaryen # AryaStark # CerseiLannister # JaimeLannister # BrienneOfTarth # SansaStark # GoT # GoTS8 # Pictoline http://instagram.com/p/Bw0fKuPBDwc/,,@,# # # # # # # # # # # # # #,1.12267E+18,https://twitter.com/cerati9/status/1122666604041519104
,28-04-2019 14:27,0,0,E aí,,,,,
,28-04-2019 11:32,1,0,# GoT| # GoTs8| # GameOfThrones # Daenerys| # JonSnow| # CerseiLannister| # AryaStark| # JaimeLannister| # TyrionLannister| # SansaStark| # BranStark| # BrienneOfTarth| # DavosSeaworth| # EuronGreyjoy| # JorahMormont| # Greyworm| # Melisandre| # Missandei| # SamwellTarly| # TheonGreyjou| # Varys| # TheHound| # NightKing,,,# # # # # # # # # # # # # # # # # # # # # # #,1.12252E+18,https://twitter.com/Mr_Westmoore/status/1122524001543311362
,27-04-2019 03:19,0,0,# GameofThrones # GameOfThrones8 # GOT # GoTS8 # TyrionLannister # JaimeLannister # DanaerysTargaryen # JonSnow # branstarkpic.twitter.com/5zdkwE0Heb,,,# # # # # # # # #,1.12204E+18,https://twitter.com/Mambalamtales/status/1122037635105611776
,27-04-2019 02:58,1,1,>> THREAD DE GIFS DE LA ESCENA BRAIME / JAINNE << Alguien más shippea a # JaimeLannister & # BrienneofTarth porque yo los adoro me encantaría que algo pasará entre ellos antes de que Jaime muera porque estoy muy segura de que eso pasará # GameOfThrones # GOT # ForTheThrone # GOTS8 pic.twitter.com/PNxJ3zMjTl,,,# # # # # #,1.12203E+18,https://twitter.com/aleexa_gp/status/1122032243122286593
,25-04-2019 14:50,2,4,Vamos fazer hoje o bolão mais difícil das nossas vidas de seriadoras e vocês estão convidados a vir sofrer com a gente. Tragam a caneta # GameOfThrones # GOT # GOTs8 # ForTheThrone # JonSnow # Daenerys # Sansa # AryaStark # Tyrion # JaimeLannister # Varys Às 21h00 | https://www.youtube.com/watch?v=jSmKR-djGWw …pic.twitter.com/T8XKU93StL,,,# # # # # # # # # # #,1.12149E+18,https://twitter.com/SoMais1Episodio/status/1121486643171594241
,25-04-2019 12:02,2,3,6 # JaimeLannister 's explanation of why it was heroic" to kill Arys doesn't hold up. Killing him didn't stop the death of innocents & he probably did it because his father was at the Red Keep's door. One hand was not enough redemption # GameofThrones # ForTheThrone # GOTS8 # GoT pic.twitter.com/B2NG4MJXY7",,,# # # # #,1.12144E+18,https://twitter.com/EvilPodrick/status/1121444383239413760
,25-04-2019 11:58,3,11,Un Lannistertl siempre paga sus deudas... con cacao # GoT # GoTS8 # lannister # forthethrone # JuegoDeTronos # GameofThrones # CerseiLannister # JaimeLannister # TyrionLannister # HechoEn # mexico # cdmx # mx # códice # aztecapic.twitter.com/hh18iNHNYL,,,# # # # # # # # # # # # # # #,1.12144E+18,https://twitter.com/Killer_Quake/status/1121443347204382721
,24-04-2019 11:38,0,0,RDV Hebdo # GameofThrones avec notre critique de # GoTS8 Episode 2 : ' # JaimeLannister est arrivé à # Winterfell. Seul. L’armée promise par # CerseiLannister afin de combattre la menace du Nord était une ruse…' # MaXoERama # GoT @ OCSTV http://www.maxoe.com/rama/culture-articles/critiques-tele/game-of-thrones-saison-8-episode-2/ …,,@,# # # # # # #,1.12108E+18,https://twitter.com/MaXoE/status/1121075826441641984
,23-04-2019 15:01,1,3,Jaime & Brienne II Knocking on your heart (+8x02) https://youtu.be/f-ssG3Hx18c vía @ YouTube # got # gots8 # GameOfThrones # JaimeLannister # BrienneOfTarth,,@,# # # # #,1.12076E+18,https://twitter.com/picasso30dali/status/1120764616408223746
,23-04-2019 07:37,0,0,A vedere # JaimeLannister ora,,,,,
,23-04-2019 02:12,0,1,I absolutely adore the # knighting of # Lady # Brienne now # Ser # BrienneOfTarth - a # knight of the # SevenKingdoms & cried # 3Times! About bloody time! # KnightOfTheSevenKingdoms # JaimeLannister # GameOfThrones # GOTS8 # GoT # GoTAtlantic # GamesOfThrones @ Thrones_Memes,,@,# # # # # # # # # # # # # # #,1.12057E+18,https://twitter.com/britishberliner/status/1120571105910169601
,23-04-2019 00:13,0,1,I see people defending # JaimeLannister and saying that he should have used the wild fire story to defend himself from # sansa and # Daenerys. Well,,,,,
,22-04-2019 23:58,0,0,I can't wait for episode 3! >3< use 20WIN at the checkout to get 20% OFF! https://www.redbubble.com/people/risottoart/works/34824363-theres-no-cure-for-being-a-cunt-by-risottoart-check-out-my-shop?p=classic-tee&rbs= … # gameofthrones # gots8 # got # brienne # jaimelannister,,,# # # # #,1.12054E+18,https://twitter.com/risottoart/status/1120537457613840384
,22-04-2019 23:38,0,2,La promoción esta aqui,,,,,
,22-04-2019 17:53,0,1,I really wanted to see # brienneoftarth hook up with # TormundGiantsbane I think she likes him but also has feelings for # JaimeLannister She is torn between them. No matter. After next week they will probably all be dead anyway! # GOT # gameofthrones # GOTS8 # thronecast @ GameOfThrones,,@,# # # # # # #,1.12045E+18,https://twitter.com/Nacelle1701/status/1120445563688898561
,22-04-2019 16:41,0,2,J'invite @ MythraPneuma # Daenerys # JonSnow # CerseiLannister # AryaStark # JaimeLannister # TyrionLannister # SansaStark # BranStark # BrienneOfTarth # GameOfThrones # ForTheThrone # OCSGOT # GoTS8 # GoT,,@,# # # # # # # # # # # # # #,1.12043E+18,https://twitter.com/__Tara___Clay__/status/1120427372350791680
,22-04-2019 12:47,5,5,# HappyMonday guys! My # Spoiler # Review for Episode 2 of Season 8 for # GameOfThrones is up! So please check it out,,,,,
,22-04-2019 10:58,1,10,Sir Brienne de Tartl # GoT # GoTS8 # JaimeLannister # sir # BrienneOfTarth # FelizLunes # BuenLunes # DominGOT # mexico # forthethrone # JuegoDeTronos # GameOfThrones # HechoEn # cdmx # mx # códice # aztecapic.twitter.com/cNrDiblQx2,,,# # # # # # # # # # # # # # # # #,1.12034E+18,https://twitter.com/Killer_Quake/status/1120341190715551744
,22-04-2019 10:21,0,0,QUIENES MAS MURIERON POR ESTO? # GameofThrones # GoT # GoTS8 # BrienneOfTarth # JaimeLannister,,,# # # # #,1.12033E+18,https://twitter.com/vllanellxdnerys/status/1120331767624425472
,22-04-2019 10:21,0,2,En nombre del guerrerro,,,,,
,22-04-2019 10:12,0,3,La reunión frente al fuego,,,,,
,22-04-2019 08:55,0,2,# GoTS8 Lista quien creo que morirá en # GameofThrones # Daenerys o # AegonTargaryen (Uno de los 2 muere,,,,,
,22-04-2019 08:54,0,2,How do you guys think # JaimeLannister will die? Saving # Brienne ? Saving # Daenerys ? Saving # JonSnow ? Or killed by # CerseiLannister via # bronn or # TheMountain ? # GameofThrones # GOTS8 # GOT # GameofThronesSeason8 # ForTheThrone,,,# # # # # # # # # # # #,1.12031E+18,https://twitter.com/EvilPodrick/status/1120309940483252224
,22-04-2019 08:47,0,0,# JuegodeTronos # GameOfThrones # GOT # GoTS8 # JaimeLannister # DaenerysTargaryen Game of thronespic.twitter.com/tUnnmhIxRg,,,# # # # # #,1.12031E+18,https://twitter.com/TVresidence/status/1120308054896062464
,22-04-2019 07:38,0,0,Kneel,,,,,
,22-04-2019 05:42,2,2,# Tormund & # brienneoftarth Or # JaimeLannister & # brienneoftarth # GameofThrones # got # GOTS8,,,# # # # # # #,1.12026E+18,https://twitter.com/walegates/status/1120261498373332993
,22-04-2019 02:39,1,1,Episode 1 gave me the reunion I never knew I needed. (Jaime and Bran) Episode 2 gave me the song I never knew I needed. (Jenny of Oldstones) # GameofThrones # WinterIsHere # GOT # GOTS8 # JaimeLannister # BranStark,,,# # # # # #,1.12022E+18,https://twitter.com/AneeshK_MUFC/status/1120215412078272512
,22-04-2019 00:21,0,0,Solo voy a decir que: my ship sailed! # Brienne # JaimeLannister # GameofThrones # ForTheThrone # GOT # Got8x02 # GOTS8 pic.twitter.com/0xdBqKal9T,,,# # # # # # #,1.12018E+18,https://twitter.com/1dcadestanteria/status/1120180926707838977
,22-04-2019 00:05,0,0,Nuevo capítulo de # GamesOfThrones : 0 muertos . # GameofThrones # AryaStark # got # Got8x02 # ForTheThrone # JaimeLannister # Sansa # sansastark # GOTS8E2 # JuegodeTronos # GOTS8 pic.twitter.com/yphgDLqVj0,,,# # # # # # # # # # # #,1.12018E+18,https://twitter.com/GaBPicci/status/1120176860623790080
,21-04-2019 23:09,0,0,Ay veme a # BrienneOfTarth como defiende a # JaimeLannister # GameofThrones # GoTS8 # GOT,,,# # # # #,1.12016E+18,https://twitter.com/TatiiCM/status/1120162730407866376
,21-04-2019 22:46,0,0,¿Quien crees que morira primero en el capitulo 8x03 de # GOT ? # AryaStark # JaimeLannister # TyrionLannister # SansaStark # BranStark # BrienneOfTarth # DavosSeaworth # EuronGreyjoy # JorahMormont # Greyworm # Missandei # SamwellTarly # TheonGreyjoy # Varys # TheHound # GameOfThrones # GotS8,,,# # # # # # # # # # # # # # # # # #,1.12016E+18,https://twitter.com/ElQueNoAplica/status/1120156991836631045
,21-04-2019 22:22,0,0,Caralho # brienneoftarth sendo feita cavaleira oficialmente pelo # JaimeLannister acabou com o meu coração,,,,,
,21-04-2019 22:12,0,0,Muy bien como # JaimeLannister volvió un Caballero de los 7 Reinos a # BrienneOfTarth # GameofThrones # GOT # GOTS8 # GOTS8E2 @ GameOfThrones @ HBOLAT,,@ @,# # # # # #,1.12015E+18,https://twitter.com/peleleman10/status/1120148320540942336
,21-04-2019 22:12,0,0,Jaime knighting Brienne tho # GOTS8 # GameofThrones # GOT # GoTSpoilers # JaimeLannister # Briennepic.twitter.com/UJIy6xUwj1,,,# # # # # #,1.12015E+18,https://twitter.com/Sparrowmemos/status/1120148249267060736
,21-04-2019 22:02,0,4,That’s it? I thought these episodes were longer # GoT # GameOfThrones # GOTS8 # AryaStark # JonSnow # AegonTargaryen # TyrionLannister # JaimeLannister # Gendry # SansaStark,,,# # # # # # # # # #,1.12015E+18,https://twitter.com/LRB1114/status/1120145909969506304
,21-04-2019 22:00,0,0,I’m scared lol # GoT # GameOfThrones # GOTS8 # AryaStark # JonSnow # AegonTargaryen # TyrionLannister # JaimeLannister # Gendry # SansaStark,,,# # # # # # # # # #,1.12015E+18,https://twitter.com/LRB1114/status/1120145373165772800
,21-04-2019 21:53,0,0,Awwww # JaimeLannister the Knight Deed was the best thing you could have ever done IN ALL 8 SEASONS # GAMEOFTHRONES # GOTS8 # GOTS8E2 # GOT,,,# # # # #,1.12014E+18,https://twitter.com/thisisshauna/status/1120143439872524289
,21-04-2019 21:50,0,0,@ HBOLAT # GameOfThrones # HBOLAT # GoT # GOTS8 # ForTheThrone # DominGoT @ GameOfThrones # Tormund # AryaStark # JaimeLannister # Gendry # Brienne Lo mejor de la noche,,@ @,# # # # # # # # # # #,1.12014E+18,https://twitter.com/masscri/status/1120142811414835201
,21-04-2019 21:19,0,0,@ HBOLAT # GameOfThrones # GOTS8 # HBOLAT # GoT # WinterIsComing # ForTheThrone # WinterIsHere @ GameOfThrones # DominGoT No soy el guerrero que era pero podré estar bajo tu mando si me aceptás. # JaimeLannister,,@ @,# # # # # # # # #,1.12014E+18,https://twitter.com/masscri/status/1120135064204062720
,21-04-2019 21:10,0,0,The things we do for love # brann # JaimeLannister # GOTS8 # got # GameofThrones # GameofThronesSeason8,,,# # # # # #,1.12013E+18,https://twitter.com/one_last_thing/status/1120132796641611776
,21-04-2019 21:06,0,1,Que defiendan nuestro amor como # brienne a # JaimeLannister # GameOfThrones # got # GoTS8,,,# # # # #,1.12013E+18,https://twitter.com/MafitaLavado/status/1120131785394925568
,21-04-2019 20:57,3,6,Ahora,,,,,
,21-04-2019 20:22,1,10,Previamente en Juego de Tronos... # GoT # GoTS8 # BranStark # stark # JaimeLannister # Lannister # forthethrone # JuegoDeTronos # GameOfThrones # mexico # HechoEn # cdmx # mx # códice # azteca # BaiaBaiapic.twitter.com/BDJfilpUbD,,,# # # # # # # # # # # # # # # #,1.12012E+18,https://twitter.com/Killer_Quake/status/1120120681302319104
,21-04-2019 18:04,0,1,Waiting for @ GameOfThrones so bad! What will happen with The Kingslayer tonight???? # GameOfThrones # Gameofthrones8 # JaimeLannister # got # GOTS8 # Got8x02 # hbopic.twitter.com/qBCKz758ZW,,@,# # # # # # #,1.12009E+18,https://twitter.com/elverbostudio/status/1120085887763791872
,21-04-2019 15:46,8,25,# GameofThrones Coup de froid cette nuit sur @ OCSTV avec l'épisode 2 de la saison 8. Et juste avant notre émission spéciale https://vl-media.fr/edition-speciale-game-of-thrones-lancement-de-la-saison-8-la-loi-des-series-275/ … # GOT # GOTS8 # JaimeLannister # Daenerys # JonSnow,,@,# # # # # #,1.12005E+18,https://twitter.com/LaLoidesSeries/status/1120051212206923776
,20-04-2019 17:54,1,2,empurra ae tio jaime # GameofThrones # GoTS8 # GoT # JaimeLannister # BranStark # SabadoDetremuraSDVpic.twitter.com/V8dmEuT5QI,,,# # # # # #,1.11972E+18,https://twitter.com/regisbbkoficial/status/1119721014781468672
,20-04-2019 14:08,0,0,# gameofthrones # got # cersei # JaimeLannister # gots8 Damn Cersei you cold.,,,# # # # #,1.11966E+18,https://twitter.com/risottoart/status/1119664210928001024
,20-04-2019 11:49,1,1,The things we do for love." # GoTS8 # GoT # GameofThrones # JaimeLannister # BrandonStarkpic.twitter.com/PeM984wRab",,,# # # # #,1.11963E+18,https://twitter.com/biravucfilm/status/1119629095300739073
,20-04-2019 11:04,0,0,E essas imagens do segundo episódio da oitava (e última!) temporada de # gameofthrones Será que vai dar ruim pro # JaimeLannister ? Chega logo,,,,,
,20-04-2019 05:16,0,1,# GameOfThrones - # JaimeLannister 's Redemption https://youtu.be/LkiYJp-1ikE # GOTS8 # GOT # Kingslayer,,,# # # # #,1.11953E+18,https://twitter.com/WowLynchWow/status/1119530294984495110
,20-04-2019 00:40,0,0,~ Especial memes Bran y Jaime,,,,,
,19-04-2019 20:41,0,1,Oh my,,,,,
,19-04-2019 18:07,0,0,https://it.blastingpop.com/tv-gossip/2019/04/anticipazioni-game-of-thrones-8x02-jaime-lannister-arriva-a-grande-inverno-002898481.html … # GameofThrones # GoTS8 # GoT # GameofThronesSeason8 # JaimeLannister # WinterIsHere,,,# # # # # #,1.11936E+18,https://twitter.com/VCasale/status/1119361800095576064
,19-04-2019 15:04,1,2,Game Of Yeşilçam (5 TL bütçe ile # GoT ) . musaethem . nrllh.zn . yaseminzzz . . # got # gameofthrones # parody # kısafilm # gots8 # aryastark # jaimelannister # branstark # jonsnow # winterishere # daenerystargaryen… https://www.instagram.com/p/BwcqqkYAtI7/?igshid=19vn44bikye1r …,,,# # # # # # # # # # # #,1.11932E+18,https://twitter.com/burakustayim/status/1119315822877396992
,19-04-2019 11:20,0,0,The perfect revenge . . . . # got # gameofthrones # asoiaf # nerdy # geek # grrm # GoTS8 # thrones # ForTheThrone # jaimelannister pic.twitter.com/YcasToVVA2,,,# # # # # # # # # #,1.11926E+18,https://twitter.com/BrotherhoodPod/status/1119259597347401728
,19-04-2019 06:32,13,68,my newest # drawing # art # artist # gameofthrones # ForTheThrone # JaimeLannister # nikolajcosterwaldau @ nikolajcw # got # GOTS8 # myart # myartwork @ hbopolska @ HBO Soon on YouTube: Primislaus Sketchbookspic.twitter.com/BgKARmfwH6,,@ @ @,# # # # # # # # # # #,1.11919E+18,https://twitter.com/PrimislausDraw/status/1119187122634809344
,18-04-2019 07:49,0,3,Winter is Here. Which side are you on? # GameOfThrones # TheMindOfReyRey # GOT # GoTS8 # ForTheThrone # JonSnow # NightKing # BranStark # AryaStark # SansaStark # Khaleesi # TyrionLannister # DaenerysTargaryen # KingInTheNorth # WhiteWalkers # MotherOfDragons # JaimeLannister # WinterIsComingpic.twitter.com/ptTzTOavVJ,,,# # # # # # # # # # # # # # # # # #,1.11884E+18,https://twitter.com/themindofreyrey/status/1118843948263444481
,17-04-2019 13:16,0,2,Que momento!!! # gameofthrones # gameofthronesbrasil # GoT2019 # gotseason8 # gotbrasil # got # gots8 # hbo # domingot # domingo # abril #2019 # branstark # jaimelannister pic.twitter.com/qaUpanF32M,,,# # # # # # # # # # # #2019 # #,1.11856E+18,https://twitter.com/MeireNri2/status/1118563929175801856
,17-04-2019 04:57,1,2,# GoTSpoilers # GameofThrones is back and I'm doing a mini comic series of # inked # illustrations for each new # GoTS8 episode. Enjoyed the nostalgic reunions of # GotS8E1 with # Winterfell to head buts! # BranStark # GOT # GOTdrawings # Theon # CerseiLannister # JaimeLannister # yaragreyjoypic.twitter.com/gu8vi19BsK,,,# # # # # # # # # # # # # #,1.11844E+18,https://twitter.com/PercivalLottie/status/1118438367358853120
,17-04-2019 03:20,0,1,* calling all # GameofThrones fans* https://youtu.be/YvnkmV-xk3s check this # corvyx video out!! # GOT # GOT8 # GoTS8 # TheHound # AryaStark # HouseStark # CerseiLannister # Cersei # JaimeLannister # Tyrion # TyrionLannister # Sansa # WinterIsHere # Winterfell # WinterSoldier # NightKing @ HBO,,@,# # # # # # # # # # # # # # # # # #,1.11841E+18,https://twitter.com/Cardona4Miss/status/1118413915547893761
,16-04-2019 21:50,0,3,Last Sunday night is the largest night of streaming activity ever for HBO # GameOfThrones # ForTheThrone # GOTS8 # GoT # ratings # HBO # TVratings # Winterfell # JonSnow # AryaStark # BranStark # SansaStark # Daenerys # JaimeLannister # Cersei # Tyrion https://geekspin.co/game-of-thrones-season-8-premiere-ratings/ … via @ geekspinco,,@,# # # # # # # # # # # # # # # #,1.11833E+18,https://twitter.com/popcultscoops/status/1118330985974681603
,16-04-2019 19:42,0,0,Prediction: As much as we love character shade,,,,,
,16-04-2019 01:17,1,3,How # JaimeLannister felt inside when he saw # BranStark # GameofThrones # GoT # GameofThronesSeason8 # GoTS8 pic.twitter.com/OHLmtk7M2k,,,# # # # # #,1.11802E+18,https://twitter.com/GumisirizaM/status/1118020571596505088
,15-04-2019 12:21,0,0,Nothing like the stare between Jaime and Bran. # GameofThrones # gots8 # GOT # BranStark # jaimelannister # juanlizh,,,# # # # # #,1.11783E+18,https://twitter.com/JuanLizh/status/1117825315953434629
,15-04-2019 12:13,0,0,Da ricordare in questo episodio: le facce sconvolte di # JonSnow e # JaimeLannister # got # GoTS8 # GameofThrones,,,# # # # #,1.11782E+18,https://twitter.com/fedeju93/status/1117823164690653184
,15-04-2019 11:59,0,1,Vim do futuro para dizer a vocês que Jaime Lannister é o Azor Ahai! @ GameOfThrones @ HBO_Brasil # GameofThrones # HBOGO # ForTheThrone # JaimeLannister # GOT # GameOfThornesSeason8 # GoTS8 # got,,@ @,# # # # # # # #,1.11782E+18,https://twitter.com/VictorPedro20/status/1117819717849317379
,15-04-2019 11:56,0,0,# GameOfThrones # GOT # GoTS8 # GOT8 # Lannister # Stark # reunion # GoTrewatch # TronoDeHierro # tronodispade # JaimeLannister # BranStarkpic.twitter.com/eVVQNvMwdz,,,# # # # # # # # # # # #,1.11782E+18,https://twitter.com/fujumuru/status/1117819086107480064
,15-04-2019 11:29,0,0,Last night after the episode Every. Single. Trend. was about # GameOfThrones all of the characters # GoT trending # ForTheThrone # GoTs8 # BranStark # SansaStark # AryaStark # Daenerys # JaimeLannister # Cersei # JonSnow # Gendry # WinterIsHere # TyrionLannisterpic.twitter.com/lqr3fVxPZl,,,# # # # # # # # # # # # # #,1.11781E+18,https://twitter.com/EnjeJawher/status/1117812273270132737
,15-04-2019 11:03,1,0,When Bran saw Jaime. # GameOfThrones # GameofThronesSeason8 # ForTheThrone # got # gots8 # BranStark # JaimeLannister pic.twitter.com/ViEwN3Acns,,,# # # # # # #,1.11781E+18,https://twitter.com/SaikyouNoHero/status/1117805745821630464
,15-04-2019 10:50,0,1,# GameofThrones # GOT # GoTS8 # JaimeLannister # BranStark # MacriGato # Macrisis # CFK2019 @ mauriciomacri @ CFKArgentinapic.twitter.com/XhWbcohKtO,,@ @,# # # # # # # #,1.1178E+18,https://twitter.com/jufasantv/status/1117802324016103428
,15-04-2019 09:00,12,37,~ Especial memes Bran y Jaime. ~ Spoiler del próximo capítulo entre Jaime y Bran. # WinterIsHere # GOT # GoTS8 # GameofThrones # JaimeLannister # BranStarkpic.twitter.com/InjqSVRFvh,,,# # # # # #,1.11777E+18,https://twitter.com/uncocteldeamor/status/1117774702439817216
,15-04-2019 08:30,0,1,Is that me only who didn't realised that when # BranStark said that he's waiting for an old friend,,,,,
,15-04-2019 08:08,0,10,Ayer comenzó la última temporada de # GameofThrones ,,,,,
,15-04-2019 08:06,0,2,New Game of Thrones Season 8 Ep 2 Trailer breakdown is up on my channel. Link in the bio. # gameofthrones # got # gots8 # gameofthronesseason8 # jaimelannister # daenerystargaryen # petepeppers # season8 # trailer http://bit.ly/2IkvPSJ pic.twitter.com/TuTxT7m8E0,,,# # # # # # # # #,1.11776E+18,https://twitter.com/PetePeppers/status/1117761149804716032
,15-04-2019 07:29,1,2,Game of Thrones Season 8 Episode 2 short trailer gives a sneak peek at what lies ahead. # GameofThrones # GoT # GoTS8 # GoT8 # GoTS8E2 # DaenerysTargaryen # JaimeLannister # Tyrion # JonSnow # AegonTargaryen # NightKing # HBO # Appocalypse http://www.appocalypse.co/entertainment/game-of-thrones-season-8-episode-2-s08e02-sneak-peek-trailer/ …,,,# # # # # # # # # # # # #,1.11775E+18,https://twitter.com/AppocalypseCo/status/1117751743448637440
,15-04-2019 06:43,8,45,Come il VINOH # GameofThrones # GoT # GoTS8 # JaimeLannister pic.twitter.com/xspjVtnD3E,,,# # # #,1.11774E+18,https://twitter.com/sherlokii__/status/1117740295964250112
,15-04-2019 05:59,0,0,# JuegodeTronos # GameOfThrones # GOT # GoTS8 # GameofThronesSeason8 # JaimeLannister # BranStark Game of thronespic.twitter.com/XUxMSZk6Un,,,# # # # # # #,1.11773E+18,https://twitter.com/TVresidence/status/1117729172439347201
,15-04-2019 05:14,0,0,Jamie viendo a Bran en Invernalia. # GameofThrones # JuegodeTronos # forthethrone # GOT # gots8 # BranStark # JaimeLannister pic.twitter.com/fbp4BEBEnJ,,,# # # # # # #,1.11772E+18,https://twitter.com/Ali_WanKenobi/status/1117717934397325312
,15-04-2019 04:30,1,1,Jajajajajakjajajaa..xD. # GameofThrones # GOT # GoTS8 # gamesofthronespanama # BranStark # JaimeLannister pic.twitter.com/BGoI8iVOYX,,,# # # # # #,1.11771E+18,https://twitter.com/Anamaturana22/status/1117706836700991489
,15-04-2019 03:51,0,1,After watched # GameofThronesSeason8 EP 1 who will sit in the Iron throne in the final episode ? Jon Snow or Arya or Daenerys or Sansa ?? # GameOfThrones # Winterfell # GOT # GoTS8 # GOTonHotstarPremium # GOT8 # GamesOfThrones # JonSnow # AryaStark # Daenerys # JaimeLannister # Thrones,,,# # # # # # # # # # # # #,1.1177E+18,https://twitter.com/magudesh96/status/1117696940903288832
,15-04-2019 03:14,42,4,Sam: ¿Y tú que haces aquí afuera? Bran: Estoy esperando a un viejo amigo. # GoTS8⁠ ⁠ # GOT⁠ # GameofThrones⁠ ⁠ # BranStark # JaimeLannister pic.twitter.com/lv7PbW952E,,,# # # # #,1.11769E+18,https://twitter.com/fher_rio/status/1117687725098852352
,15-04-2019 03:14,0,1,https://ponkahogaya.com/2019/04/15/game-of-thrones-s8e1-review-winterfell-is-a-return-to-greatness/ … Read the complete review of the # GamesOfThrones s08e01. # Daenerys # GameofThrones # Bran # JaimeLannister # Jamie # Arya # Sansa # Dany # DustStorm # GameofThrones online # Tabu # CerseiLannister # Cersei # SamwellTarly # jhonsnow # MondayMotivation # GoTS8 # GOT8 # GOT,,,# # # # # # # # # # # # # # # # # # # #,1.11769E+18,https://twitter.com/ponkahogaya/status/1117687614792970240
,15-04-2019 03:05,1,18,# JaimeLannister and # BranStark staring each other like # Winterfell # GoTS8 # GameofThrones # GOT pic.twitter.com/2D5AqCeCIm,,,# # # # # #,1.11769E+18,https://twitter.com/JosephAntoineHB/status/1117685250145095681
,15-04-2019 02:28,0,1,Noooo!!! How dare it leaves me at # BranStark and # JaimeLannister staring at each other!!! Ugh! Till next week! # GoTS8 # GOT # GameofThrones,,,# # # # #,1.11768E+18,https://twitter.com/CrazieCs/status/1117676112681656321
,15-04-2019 01:51,0,1,Dan dan da da dan dan da da daaan daaaan da da daaan daaaan da da daaaaaaaan # watching # series # gameofthrones # GoTS8 # GOT # S08E01 # HBO # Daenerys # JonSnow # CerseiLannister # AryaStark # JaimeLannister # TyrionLannister # SansaStark # BranStark # Melisandre # Missandei # NightKingpic.twitter.com/qJwKcTF7RT,,,# # # # # # # # # # # # # # # # # #,1.11767E+18,https://twitter.com/bay_ferhat/status/1117666628441972736
,15-04-2019 00:31,9,22,Askip Jon Snow il sera comme sa quand il va apprendre que c'est Jaime qui as poussé Bran # gameofthrones # GoTs8 # GameofThronesSeason8 # GoT # GoT8 # JonSnow # BranStark # JaimeLannister # CerseiLannisterpic.twitter.com/UTUGM75I80,,,# # # # # # # # #,1.11765E+18,https://twitter.com/TarikDu76/status/1117646661050929152
,15-04-2019 00:22,0,1,# BranStark and # JaimeLannister # TheHappySoul # GameofThrones # GOT # GoTS8 # DemThronespic.twitter.com/b9eRwIARtC,,,# # # # # # #,1.11764E+18,https://twitter.com/Yahiness11/status/1117644352958926848
,15-04-2019 00:12,7,22,Ce qui se passe dans la tête de Jaime  C'est foutu la team " @ henni_mo # GameofThrones # GameofThronesSeason8 # GoTs8 # GoT # BranStark # JaimeLannister pic.twitter.com/m5a6Bjk6Bi",,@,# # # # # #,1.11764E+18,https://twitter.com/TarikDu76/status/1117641767539630080
,15-04-2019 00:10,0,2,# GameOfThrones # GoT # GoTS8 # GameofThronesSeason8 # BranStark # JaimeLannister 1x01 8x01 pic.twitter.com/y2VAGyhonu,,,# # # # # #,1.11764E+18,https://twitter.com/ElisaTola/status/1117641198120906753
,15-04-2019 00:08,10,11,Quand Jaime et venu de toute bonne volonté jusqu'à croisé Bran # JaimeLannister # BranStark # GameofThrones # GameofThronesSeason8 # GoTS8 # GoT # GoT8pic.twitter.com/bBf4GeY6W6,,,# # # # # # #,1.11764E+18,https://twitter.com/TarikDu76/status/1117640856989765634
,14-04-2019 23:55,0,0,# GameofThrones # JonSNOW # DaenerysTARGARYEN # SansaSTARK # AryaSTARK # BranSTARK # CerseiLANNISTER # ReapersGaming # JaimeLANNISTER # TyrionLANNISTER # NightKing # GOT # GOTS8 # AegonTargaryen # TheonGreyjoy # ForTheThrone # EuronGreyjoy,,,# # # # # # # # # # # # # # # # #,1.11764E+18,https://twitter.com/kaiserito14/status/1117637615790981120
,14-04-2019 23:55,0,0,# GameofThrones # JonSNOW # DaenerysTARGARYEN # SansaSTARK # AryaSTARK # BranSTARK # CerseiLANNISTER # ReapersGaming # JaimeLANNISTER # TyrionLANNISTER # NightKing # GOT # GOTS8 # AegonTargaryen # TheonGreyjoy # ForTheThrone # EuronGreyjoy,,,# # # # # # # # # # # # # # # # #,1.11764E+18,https://twitter.com/ElMagoVeigar/status/1117637588536442881
,14-04-2019 23:40,0,11,Yo veo a # JaimeLannister Y creo que se va hacer la VISTIMA # Vistima # Vistima # Vistima # Vistima # GameofThrones # GoT # GoTS8 pic.twitter.com/rqRSWSg7IG,,,# # # # # # # #,1.11763E+18,https://twitter.com/Julieth_vides/status/1117633854230151168
,14-04-2019 23:12,0,1,Imágenes de # BranStark y # JaimeLannister en el siguiente episodio... # GameOfThrones # GameofThronesSeason8 # GOT # GoTS8 pic.twitter.com/2CLiiC6WwU,,,# # # # # #,1.11763E+18,https://twitter.com/mariogvera/status/1117626609937338368
,14-04-2019 22:58,0,0,En resumen!!! # ReapersGaming # GameofThrones # JonSNOW # DaenerysTARGARYEN # SansaSTARK # AryaSTARK # BranSTARK # CerseiLANNISTER # JaimeLANNISTER # TyrionLANNISTER # NightKing # GOT # GOTS8 # AegonTargaryen,,,# # # # # # # # # # # # # #,1.11762E+18,https://twitter.com/ElMagoVeigar/status/1117623084608118784
,14-04-2019 22:57,0,1,En resumen!!! # ReapersGaming # GameofThrones # JonSNOW # DaenerysTARGARYEN # SansaSTARK # AryaSTARK # BranSTARK # CerseiLANNISTER # JaimeLANNISTER # TyrionLANNISTER # NightKing # GOT # GOTS8 # AegonTargaryen,,,# # # # # # # # # # # # # #,1.11762E+18,https://twitter.com/kaiserito14/status/1117623070599065601
,14-04-2019 22:52,0,2,That awkward moment when you see that “OLD FRIEND” # GameofThrones # BranStark # JaimeLannister # GOT # GoTS8 pic.twitter.com/nE89Z5zzeo,,,# # # # #,1.11762E+18,https://twitter.com/shishi_foofoo/status/1117621575967223808
,14-04-2019 22:43,2,2,Muchos encuentros memorable durante el episodio 8x1 de Game of Thrones pero ninguno tan épico cómo el de Jaime y Bran ... definitivamente cumplió mis expectativas. # JaimeLannister # BranStark # GOT # ForTheThrone # GOTS8 # GameofThronesSeason8 # GameofThrones pic.twitter.com/absBFVIT3e,,,# # # # # # #,1.11762E+18,https://twitter.com/Ramones_J/status/1117619550856462336
,14-04-2019 22:43,0,1,No spoilers,,,,,
,14-04-2019 22:42,0,1,# BranStark - veio trepar na torre de novo ? # JaimeLannister - claro... escala la pra assistir de novo,,,,,
,14-04-2019 22:40,6,11,En el próximo capítulo de Game of Thrones... # GameofThrones # Got # GameofThronesSeason8 # GoTS8 # HboGo # GOT8 # JaimeLannister # BranStarkpic.twitter.com/NIwn9vxDmO,,,# # # # # # # #,1.11762E+18,https://twitter.com/RickGlz04/status/1117618682056851456
,14-04-2019 22:34,0,0,# GameOfThrones was pretty lit # GameOfThornes # GamesOfThrones # GOT # GoTS8 # GoT8 # JonSnow # Daenerys # SansaStark # AryaStark # CerseiLannister # JaimeLannister # IronThrone # GameofThronesSeason8 # GameofThronesDay # GameOfThronesEve # WinterIsComing # winterishere see ya next weekpic.twitter.com/jfld4QiS0U,,,# # # # # # # # # # # # # # # # # #,1.11762E+18,https://twitter.com/DistractedGmr/status/1117617159700660225
,14-04-2019 22:34,0,2,# CerseiLannister You naaaasty bitch. The brother-thing was gross,,,,,
,14-04-2019 22:31,0,3,Bran: I had been looking for an old friend. Omg this scene hotstar *Awkward* # GameofThrones # ForTheThrone # JaimeLannister # BranStark @ GameOfThrones # GOT # GoTS8 pic.twitter.com/rqzh7Bmavc,,@,# # # # # #,1.11762E+18,https://twitter.com/aiwehi_tweets/status/1117616493208850434
,14-04-2019 22:30,0,0,Lo de # JaimeLannister es totalmente lealtad a un compromiso que hizo,,,,,
,14-04-2019 22:26,0,5,when did # TormundGiantsbane become so freaking hot? " Then I saw # JaimeLannister with his in "disguise" black hair (that worked so well lol) my toes are literally still curling Thank you for that little piece. # GOT # GameOfThrones # GoTS8 # WinterIsHerepic.twitter.com/SiYtA1Um87",,,# # # # # #,1.11762E+18,https://twitter.com/skydether/status/1117615069423112193
,14-04-2019 22:24,0,7,Por que está aqui fora?" "Estou esperando por um velho amigo..." # GameofThronesSeason8 # GameofThrones # GoTS8 # GOT # BranStark # JaimeLannister pic.twitter.com/sktMaoWHam",,,# # # # # #,1.11761E+18,https://twitter.com/kundunbr/status/1117614541070901248
,14-04-2019 22:22,4,2,โง้ยยยแท็กโซคิ้วทึมากๆๆๆๆ # GameofThrones # GOT # GoTS8 # JonSnow # DaenerysTargaryen # AryaStark # SansaStark # BranStark # TyrionLannister # TheonGreyjoy # SamwellTarly # CerseiLannister # JaimeLannister # JorahMormontpic.twitter.com/mwjjMDVMGM,,,# # # # # # # # # # # # # #,1.11761E+18,https://twitter.com/kimkahuu/status/1117614020410789890
,14-04-2019 22:19,0,3,THAT ENDING THOOOOOOOO!!! # JaimeLannister back to # winterfell where it all began and meeting # BranStark as soon as he gets there.. Poetic justice anyone? # GoT # GoTS8 # GameofThrones pic.twitter.com/AGGEc6ztnN,,,# # # # # #,1.11761E+18,https://twitter.com/1004_anim/status/1117613285824659459
,14-04-2019 22:10,0,0,Gente,,,,,
,14-04-2019 22:06,1,5,It’s been a tough few years on @ GameOfThrones # gameofthrones # GoT # GoTS8 # JaimeLannister pic.twitter.com/Yu8P0xa8TM,,@,# # # #,1.11761E+18,https://twitter.com/annaschutz/status/1117610090981408769
,14-04-2019 22:04,0,1,Ohhh # JonSnow ya sabe quien es!! y la cara de # JaimeLannister al ver a # BranStark OMG!! # GameOfThrones # GoTS8 # GoT # WinterIsHere # ForTheThrone @ GameOfThrones WINTER IS HERE,,@,# # # # # # # #,1.11761E+18,https://twitter.com/MalviG17/status/1117609662235512834
,14-04-2019 21:59,0,1,# BranStark like remember the 1st episode # JaimeLannister . Welcome to # winterfell bitch # GOT # GameofThrones # GoTS8 # GOT8 # GameofThronesSeason8pic.twitter.com/AD8Kdx2wLg,,,# # # # # # # #,1.11761E+18,https://twitter.com/ch3lavie/status/1117608397619322880
,14-04-2019 21:59,0,0,Uai!! E termina assim,,,,,
,14-04-2019 21:58,0,0,Quedo en la mejor parte con la llegada de # JaimeLannister # GoTS8 # GameofThrones # GOT,,,# # # #,1.11761E+18,https://twitter.com/KarenMl_/status/1117608159672250368
,14-04-2019 21:55,0,1,Oh Jaime is lookin a little rough. # GameOfThrones # GOT # GameOfThronesSeason8 # ThronesYall # DemThrones # GoTS8 # GOT8 # JaimeLannister,,,# # # # # # # #,1.11761E+18,https://twitter.com/ItsChandaG/status/1117607358442741760
,14-04-2019 20:58,0,0,Time for # GameOfThrones! In the end,,,,,
,14-04-2019 19:29,0,2,Los HT de hoy: # GameofThrones # ForTheThrone # PorElTrono # JonSnow # DaenerysTargaryen # TyrionLannister # CerseiLannister # JaimeLannister # AryaStark # SansaStark # BranStark # NightKing # GoTS8 # GoT # WinterIsHere,,,# # # # # # # # # # # # # # #,1.11757E+18,https://twitter.com/Esteban_Rolong/status/1117570570474987520
,14-04-2019 19:16,0,0,Amen # GameofThrones # GOT # GoTS8 # ForTheThrone # winterishere # HouseStark # JonSnow # Tyrion # AryaStark # DaenerysTargaryen # JaimeLannister # sansastarkhttps://twitter.com/pictoline/status/1117566335934922753 …,,,# # # # # # # # # # # #,1.11757E+18,https://twitter.com/lorev_80/status/1117567219876204544
,14-04-2019 19:02,4,5,Les estoy explotando el tw de Game Of Thrones? Se joda cb espere 2 años # GOT # GoTS8 # GameOfThrones # ForTheThrone # DaenerysTargaryen # JonSnow # AryaStark # SansaStark # BranStark # Tyrion # CerseiLannister # JaimeLannister # BrienneOfTarth # TheonGreyjoy # TheHound # Jorah,,,# # # # # # # # # # # # # # # #,1.11756E+18,https://twitter.com/RafaVincenty/status/1117563844031864835
,14-04-2019 18:38,0,0,# motherofdragons # daenerystargaryen # melisandre # jonsnow # aryastark # sansastark # branstark # samtarly # TyrionLannister # CerseiLannister # JaimeLannister # varys # got # GoTS8 # GameofThrones,,,# # # # # # # # # # # # # # #,1.11756E+18,https://twitter.com/LuFromMars/status/1117557718603194371
,14-04-2019 16:55,0,1,Who’s next? # DaenerysTargaryen # JonSnow # CerseiLannister # AryaStark # JaimeLannister # TyrionLannister # SansaStark # BranStark # TheHound @ GameOfThrones # GOT # GOTS8 # GOT8 # GOTfinalseason # GameOfThrones # Endgame # Forthethrone # poreltorno # winteriscoming # GameofThronesSeason8pic.twitter.com/AgwNQUQhag,,@,# # # # # # # # # # # # # # # # # # #,1.11753E+18,https://twitter.com/harry_otto/status/1117531752631799810
,14-04-2019 16:26,0,2,Sou só eu que tô morrendo de ansiedade pra GoT? Kk # ForTheThrone # GameOfThrones # got # gots8 # daenerys # JonSnow # Cersei # JaimeLannister # tyrion # melisandre # NightKing # Sansa # AryaStark # briennepic.twitter.com/VhF9zieVvK,,,# # # # # # # # # # # # # #,1.11752E+18,https://twitter.com/Lorenagohawks12/status/1117524643043323905
,14-04-2019 15:40,0,10,Acá,,,,,
,14-04-2019 15:38,3,93,Acá,,,,,
,14-04-2019 15:07,0,0,Hoy. La # GranGuerra está aquí. # DominGoT # GameOfThrones # GOTS8 # GoT # HBOLAT @ HBOLAT @ GameOfThrones # WinterIsHere # ForTheThrone # WinterIsComing # Dracarys # JonSnow # SansaStark # AryaStark # DaenerysTargaryen # JaimeLannister,,@ @,# # # # # # # # # # # # # # #,1.1175E+18,https://twitter.com/masscri/status/1117504776961449986
,14-04-2019 11:45,1,3,# JonSnow # DaenerysTargaryen # AryaStark # SansaStark # BranStark # TyrionLannister # CerseiLannister # JaimeLannister # JorahMormont # SamwellTarly # NightKing # WhiteWalkers # ForTheThrone # GameofThrones # GOT # GoTS8,,,# # # # # # # # # # # # # # # #,1.11745E+18,https://twitter.com/canarionegromx/status/1117453853279043584
,13-04-2019 17:30,0,0,Caralho,,,,,
,13-04-2019 09:51,0,0,1 día. La # GranGuerra está aquí. # GameOfThrones # GOTS8 # GoT # HBOLAT @ HBOLAT @ GameOfThrones # WinterIsHere # ForTheThrone # WinterIsComing # Dracarys # JonSnow # SansaStark # AryaStark # DaenerysTargaryen # JaimeLannister,,@ @,# # # # # # # # # # # # # #,1.11706E+18,https://twitter.com/masscri/status/1117062792601849857
,12-04-2019 22:01,0,1,Completed rewatching all 7 seasons of GoT (took a few weeks). Watched all The Cast Remembers" clips,,,,,
,12-04-2019 13:58,1,2,2 días. La # GranGuerra está aquí. # GameOfThrones # GOTS8 # GoT # HBOLAT @ HBOLAT @ GameOfThrones # WinterIsHere # ForTheThrone # WinterIsComing # ForTheThrone # Dracarys # JonSnow # SansaStark # AryaStark # DaenerysTargaryen # JaimeLannister,,@ @,# # # # # # # # # # # # # # #,1.11676E+18,https://twitter.com/masscri/status/1116762405902667776
,12-04-2019 07:35,2,1,¿Cuál fue la muerte más impactante de Game of Thrones? # GameofThrones # GOTS8 # got # JuegodeTronos # HBO # domingot # domingo # JonSnow # TyrionLannister # JaimeLannister # ramsaybolton # Stark # HouseStark # Lannister # aryastark # brienneoftarth # DaenerysTargaryen # series # ForTheThrone,,,# # # # # # # # # # # # # # # # # # #,1.11667E+18,https://twitter.com/SinClichesok/status/1116666268692680704
,12-04-2019 06:42,2,1,MEJORES MOMENTOS DE GOT ¿Coincidís? ¿Cuáles son los mejores para vos? Te leemos # GameofThrones # GOT # ForTheThrone # JonSnow # kinginthenorth # Daenerys # motherofdragons # SansaStark # AryaStark # CerseiLannister # JaimeLannister # TyrionLannister # SamwellTarly # GoTS8 pic.twitter.com/jytzoxGXh3,,,# # # # # # # # # # # # # #,1.11665E+18,https://twitter.com/SinClichesok/status/1116652681295212544
,11-04-2019 17:44,0,2,Don't mind me. Just want to do this. # GoTs8 # GoT # AryaStark # SansaStark # Daenerys # DaenerysTargaryen # JonSnow # Cersei # CerseiLannister # JaimeLannister # Tyrion # TyrionLannister # WhiteWalkers # NightKing # GameofThrones # BranStark # Brienne # BrienneOfTarth # Theon # TheonGreyjoy,,,# # # # # # # # # # # # # # # # # # # #,1.11646E+18,https://twitter.com/GambitKinetic/status/1116456917210025984
,11-04-2019 16:32,2,1,¿Cuál fue el mejor enfrentamiento de Game of Thrones? # GameofThrones # GOTS8 # got # JuegodeTronos # HBO # domingot # domingo # JonSnow # TyrionLannister # JaimeLannister # ramsaybolton # Stark # HouseStark # Lannister # aryastark # brienneoftarth # DaenerysTargaryen # series # ForTheThrone,,,# # # # # # # # # # # # # # # # # # #,1.11644E+18,https://twitter.com/SinClichesok/status/1116438961084227585
,11-04-2019 16:25,2,1,¿Cuál es el mejor personaje de Game of Thrones? # GameofThrones # GOTS8 # got # JuegodeTronos # HBO # domingot # domingo # JonSnow # TyrionLannister # JaimeLannister # ramsaybolton # Stark # HouseStark # Lannister # aryastark # SansaStark # DaenerysTargaryen # Encuesta # series # GOT7 # ForTheThrone,,,# # # # # # # # # # # # # # # # # # # # #,1.11644E+18,https://twitter.com/SinClichesok/status/1116437199506026503
,11-04-2019 16:23,2,1,¿Quién va a morir al final de Game of Thrones? # GameofThrones # GOTS8 # got # JuegodeTronos # HBO # domingot # domingo # JonSnow # TyrionLannister # JaimeLannister # ramsaybolton # Stark # HouseStark # Lannister # aryastark # SansaStark # DaenerysTargaryen # Encuesta # series # GOT7 # ForTheThrone,,,# # # # # # # # # # # # # # # # # # # # #,1.11644E+18,https://twitter.com/SinClichesok/status/1116436670000320512
,11-04-2019 16:20,2,1,¿Cuál es la mejor batalla de Game of Thrones? # GameofThrones # GOTS8 # got # JuegodeTronos # HBO # domingot # domingo # JonSnow # TyrionLannister # JaimeLannister # ramsaybolton # Stark # HouseStark # Lannister # aryastark # SansaStark # DaenerysTargaryen # Encuesta # series # GOT7 # ForTheThrone,,,# # # # # # # # # # # # # # # # # # # # #,1.11644E+18,https://twitter.com/SinClichesok/status/1116436001898024960
,11-04-2019 09:28,0,0,3 días. La # GranGuerra está aquí. # GameOfThrones # GOTS8 # GoT # HBOLAT @ HBOLAT @ GameOfThrones # WinterIsHere # ForTheThrone # WinterIsComing # ForTheThrone # Dracarys # JonSnow # SansaStark # AryaStark # DaenerysTargaryen # JaimeLannister,,@ @,# # # # # # # # # # # # # # #,1.11633E+18,https://twitter.com/masscri/status/1116332094987415555
,11-04-2019 06:36,2,1,SEGUIMOS CON LAS CURIOSIDADES DE GOT # GameofThrones # GOT # GoTS8 # ForTheThrone # JonSnow # kinginthenorth # Daenerys # motherofdragons # emiliaclarke # sansastark # sophieturner # aryastark # maisewilliams # cerseilannister # jaimelannister # tyrtyrionlannister # samwelltarlypic.twitter.com/s2solkeKrz,,,# # # # # # # # # # # # # # # # #,1.11629E+18,https://twitter.com/SinClichesok/status/1116288949536862208
,10-04-2019 18:05,1,2,Hey @ nikolajcw,,,,,
,10-04-2019 10:37,0,0,4 días. La # GranGuerra está aquí. # GameOfThrones # GOTS8 # GoT # HBOLAT @ HBOLAT @ GameOfThrones # WinterIsHere # ForTheThrone # WinterIsComing # ForTheThrone # Dracarys # JonSnow # SansaStark # AryaStark # DaenerysTargaryen # JaimeLannister,,@ @,# # # # # # # # # # # # # # #,1.11599E+18,https://twitter.com/masscri/status/1115987121490337792
,10-04-2019 06:44,2,2,CURIOSIDADES GOT Vol II # GameofThrones # GOT # GoTS8 # ForTheThrone # JonSnow # kinginthenorth # KitHarington # Daenerys # motherofdragons # emiliaclarke # sansastark # sophieturner # aryastark # maisewilliams # cerseilannister # jaimelannister # tyrionlannister # peterdinklage # samwelltarlypic.twitter.com/z5P3tcrdKS,,,# # # # # # # # # # # # # # # # # # #,1.11593E+18,https://twitter.com/SinClichesok/status/1115928596357492736
,10-04-2019 02:50,0,0,Be like the Hound . . # GameOfThrones # GoT # JonSnow # HouseStark # GameOfThronesMemes # Khaleesi # Lannister # Cersei # JaimeLannister # TyrionLannister # ValarMorghulis # SansaStark # AryaStark # Daenerys # maisiewilliams # emiliaclarke # KitHarington # GameOfThronesSeason8 # GoTS8 pic.twitter.com/6ZZVd0cXzz,,,# # # # # # # # # # # # # # # # # # #,1.11587E+18,https://twitter.com/eventcouturetec/status/1115869770635722753
,09-04-2019 08:48,0,0,5 días. La # GranGuerra está aquí. # GameOfThrones # GOTS8 # GoT # HBOLAT @ HBOLAT @ GameOfThrones # WinterIsHere # ForTheThrone # WinterIsComing # ForTheThrone # Dracarys # JonSnow # SansaStark # AryaStark # DaenerysTargaryen # JaimeLannister,,@ @,# # # # # # # # # # # # # # #,1.1156E+18,https://twitter.com/masscri/status/1115597256978096128
,09-04-2019 06:43,2,2,CURIO GOT Vol I # GameofThrones # GOT # GoTS8 # ForTheThrone # JonSnow # kinginthenorth # KitHarington # Daenerys # motherofdragons # emiliaclarke # sansastark # sophieturner # aryastark # maisewilliams # cerseilannister # jaimelannister # tyrionlannister # peterdinklage # samwelltarlypic.twitter.com/VTyomflKJq,,,# # # # # # # # # # # # # # # # # # #,1.11557E+18,https://twitter.com/SinClichesok/status/1115565956212903936
,08-04-2019 03:00,0,0,How excited are you? . . # GameOfThrones # GoT # JonSnow # HouseStark # GameOfThronesMemes # Lannister # HBO # Cersei # JaimeLannister # TyrionLannister # Targaryen # SansaStark # AryaStark # Daenerys # maisiewilliams # sophieturner # emiliaclarke # KitHarington # GameOfThronesSeason8 # GoTS8 pic.twitter.com/qeP6cTmnDn,,,# # # # # # # # # # # # # # # # # # # #,1.11515E+18,https://twitter.com/eventcouturetec/status/1115147499138834437
,07-04-2019 15:02,2,2,UNA SEMANA # GameofThrones # got # gots8 # JuegoDeTronos # hbo # series # final # gotfinale # AryaStark # JonSnow # sansastark # CerseiLannister # TyrionLannister # jaimelannister # finalseason # temporada8 # DaenerysTargaryenpic.twitter.com/rJn2aNXyal,,,# # # # # # # # # # # # # # # # #,1.11497E+18,https://twitter.com/SinClichesok/status/1114966712045178882
,07-04-2019 13:34,0,0,los hermanos Lannister... the Lannister brothers... # CerseiLannister # JaimeLannister # GameOfThrones # GOT # GameofThronesSeason8 # ForTheThrone # GOTS8 # GoT # HBOLATpic.twitter.com/pUNADjwMYQ,,,# # # # # # # # #,1.11494E+18,https://twitter.com/rajopa/status/1114944478765289472
,07-04-2019 13:17,0,0,# GameOfThrones Siete días. Siete Reinos. Siete dioses. Siete temporadas. La # GranGuerra está aquí. @ HBOLAT @ GameOfThrones # WinterIsHere # ForTheThrone # GOTS8 # GoT # HBOLAT # Dracarys # JonSnow # DaenerysTargaryen # SansaStark # AryaStark # CerseiLannister # JaimeLannister,,@ @,# # # # # # # # # # # # # #,1.11494E+18,https://twitter.com/masscri/status/1114940157197787137
,06-04-2019 11:02,0,0,@ HBOLAT @ GameOfThrones 8 días. La # GranGuerra está aquí. # GameOfThrones # HBOLAT # GoT # GOTS8 # Dracarys # WinterIsHere # ForTheThrone # WinterIsComing # JonSnow # DaenerysTargaryen # AryaStark # SansaStark # JaimeLannister,,@ @,# # # # # # # # # # # # # #,1.11454E+18,https://twitter.com/masscri/status/1114544035379798016
,02-04-2019 12:29,1,0,¿Así quedará todo? Faltan 13 días... # GameofThrones # got # GOT7 # gots8 # GOTs7 # JuegoDeTronos # hbo # series # final # gotfinale # AryaStark # JonSnow # sansastark # CerseiLannister # TyrionLannister # jaimelannister # finalseason # temporada8 # DaenerysTargaryenpic.twitter.com/r97n3NMWT1,,,# # # # # # # # # # # # # # # # # # #,1.11312E+18,https://twitter.com/SinClichesok/status/1113116366779924480
,01-04-2019 23:15,0,0,Ahora sí 13 días. La Gran Guerra está aquí. @ HBOLAT @ GameOfThrones # GameOfThrones # HBOLAT # GoT # GOTS8 # ForTheThrone # HBOLAT # Dracarys # JonSnow # DaenerysTargaryen # WinterIsHere # WinterIsComing # Westeros # Poniente # Cersei # JaimeLannister # SansaStark # AryaStark,,@ @,# # # # # # # # # # # # # # # # #,1.11292E+18,https://twitter.com/masscri/status/1112916436656250881
,21-03-2019 13:14,1,1,Contanos tu teoría para el final de Game of thrones! # GameofThrones # got # GOT7 # gots8 # GOTs7 # JuegoDeTronos # hbo # series # serie # final # gotfinale # AryaStark # JonSnow # sansastark # CerseiLannister # TyrionLannister # jaimelannister # finalseason # temporada8 # DaenerysTargaryen # stark,,,# # # # # # # # # # # # # # # # # # # # #,1.10878E+18,https://twitter.com/SinClichesok/status/1108778982512697344
,20-03-2019 23:12,2,0,A analise dos personagens deve deve esperar a oitava temporada acabar,,,,,
,20-03-2019 23:09,2,0,Se teu voto for por Melhores e Piores Momentos,,,,,
,17-03-2019 14:45,0,0,# BRAIME # JaimeLannister # BrienneOfTarth # GoT # GoTS8 # GameOfThrones cc @ nikolajcw @ lovegwendolinehttps://twitter.com/NickdeSemlyen/status/1107350510577901569 …,,@ @,# # # # # #,1.10735E+18,https://twitter.com/loonylaura/status/1107352231018405889
,08-03-2019 21:15,3,3,Here we GO... GARDEN OF BONES. . Three victories don't make you a conqueror." - # JaimeLannister. . # ForTheThrone # MohammedxElSayed # S02E04 # GardenOfBones. . # GameOfThrones # BeautifulDeath # Marathon # GoTS8 # HBO # GOT # GoTMarathon # GoTS2 @ GameOfThrones @ HBO.pic.twitter.com/K4iQKFcBQy",,@ @,# # # # # # # # # # # # #,1.1042E+18,https://twitter.com/MxElSayed/status/1104204082728833024
,05-03-2019 21:42,0,1,Hagan sus apuestas,,,,,
,05-03-2019 16:25,1,1,¡EL INVIERNO LLEGÓ! Primer trailer de la octava temporada de # GameofThrones. La serie regresa el próximo 14 de abril. # HBO # GOT # GOTS8 # GOT2019 # JuegoDeTronos # PorElTrono # ForTheThrone # Daenerys # JonSnow # CerseiLannister # AryaStark # JaimeLannister # TyrionLannister # SansaStarkpic.twitter.com/Q9EiChQClg,,,# # # # # # # # # # # # # # #,1.10304E+18,https://twitter.com/MrHunter57/status/1103043858630430720
,05-03-2019 11:31,0,1,Game of Thrones official trailer is out and it's literal goosebumps and chills. # GoT # GameofThrones # GoTS8 # Daenerys # JonSnow # Cersei # JaimeLannister # WhiteWalkers # NightKing # HBO # Appocalypse http://www.appocalypse.co/entertainment/game-of-thrones-official-season-8-trailer/ …,,,# # # # # # # # # # #,1.10297E+18,https://twitter.com/AppocalypseCo/status/1102969984056262657
,04-03-2019 21:01,3,3,Here we GO... THE WOLF AND THE LION. . Take him alive,,,,,
,01-03-2019 09:15,0,4,# JaimeLannister # TyrionLannister # SansaStark # BranStark # PorElTrono # ForTheThrone # got # GoTS8 # GameOfThrones # FelizFindepic.twitter.com/Nu1A3NuMvZ,,,# # # # # # # # # #,1.10149E+18,https://twitter.com/olivelvet/status/1101485997647384576
,28-02-2019 15:31,0,1,Nuevos pósters individuales de la octava temporada de # GameOfThrones. La serie regresa el próximo 14 de abril. (3/3) # ForTheThrone # HBO # GOT # GOTS8 # PorElTrono # Daenerys # JonSnow # CerseiLannister # AryaStark # JaimeLannister # TyrionLannister # SansaStark # DavosSeaworth # NightKingpic.twitter.com/MglMIKHMSl,,,# # # # # # # # # # # # # # #,1.10122E+18,https://twitter.com/MrHunter57/status/1101218436850569216
,28-02-2019 15:31,2,2,Nuevos pósters individuales de la octava temporada de # GameOfThrones. La serie regresa el próximo 14 de abril. (2/3) # ForTheThrone # HBO # GOT # GOTS8 # PorElTrono # Daenerys # JonSnow # CerseiLannister # AryaStark # JaimeLannister # TyrionLannister # SansaStark # DavosSeaworth # NightKingpic.twitter.com/T6huPjI2zR,,,# # # # # # # # # # # # # # #,1.10122E+18,https://twitter.com/MrHunter57/status/1101218241496731648
,28-02-2019 15:29,0,0,Nuevos pósters individuales de la octava temporada de # GameOfThrones. La serie regresa el próximo 14 de abril. (1/3) # ForTheThrone # HBO # GOT # GOTS8 # PorElTrono # Daenerys # JonSnow # CerseiLannister # AryaStark # JaimeLannister # TyrionLannister # SansaStark # DavosSeaworth # NightKingpic.twitter.com/fDRD2HXMPp,,,# # # # # # # # # # # # # # #,1.10122E+18,https://twitter.com/MrHunter57/status/1101217911522365440
,18-02-2019 03:35,0,0,DIVERS GOT/ASOIAF ❦ Costumes http://sk.mu/ac6Kz3nQVTT0 # TyrionLannister # PeterDinklage # JaimeLannister # NikolajCosterWaldau # KitHarington # JonSnow # RichardMadden # RobbStark # GameOfThrones # GOT # GOT8 # GOTs8 # ForTheThrone # OCSGOT @ OCSTV # GameofThronesSeason8,,@,# # # # # # # # # # # # # # #,1.09741E+18,https://twitter.com/TheWindsOfWolvs/status/1097414252497903616
